APN,Property Address,Owner Name,Mailing Address,Owner Occupied Yes/No,Tax Years Delinquent,Taxes Owed,Auction Status,Sale Date,Assessed Value,Recorder Docs Found,Probate Signal,Deceased Signal,Court Signal,LLC Status,Lien/Judgment Signal,Vacancy Signal,Motivation Score,Target Class,Best Strategy,Next Action,Source URLs,Verification Status,Notes
138-01-406-008,"5472 W ALEXANDER RD, Las Vegas NV",REAL ESTATE DEVELOPMENT LLC,UNVERIFIED - check Clark County Assessor,UNVERIFIED,3+ years minimum (2021 auction parcel; original delinquency year UNVERIFIED from source),"$131,570.92 (minimum bid as of 2021 auction notice)","SCHEDULED FOR AUCTION May 13-14, 2021 via Bid4Assets.com/ClarkNV",2021-05-13 to 2021-05-14,UNVERIFIED - check Clark County Assessor,UNVERIFIED - check: https://recorder.clarkcountynv.gov/forsearch/search?criteria=apn&query=138-01-406-008,YES - ESTATE in owner name,POSSIBLE - verify obituary and probate filing,UNVERIFIED - check: https://www.clarkcountycourts.us/Anonymous/default.aspx,UNVERIFIED - CHECK NV SOS: https://esos.nv.gov/EntitySearch/OnlineEntitySearch,UNVERIFIED - check Clark County Recorder,UNVERIFIED - check Google Maps,140,NUCLEAR TARGET,Probate Acquisition Target,1) Pull assessor record; 2) Check recorder for liens; 3) Verify LLC/entity status; 4) Outreach within 30 days,https://assessor.clarkcountynv.gov/assrapp/assessment/SitePages/showDetail.aspx?apn=138-01-406-008; https://treasurer.clarkcountynv.gov/treasurer-home/real-property-tax-inquiry?apn=138-01-406-008; https://recorder.clarkcountynv.gov/forsearch/search?criteria=apn&query=138-01-406-008; https://www.clarkcountynv.gov/government/departments/treasurer/real_property_tax_auction.php,PARTIAL - APN/Owner/Address/MinBid from source document; all other fields require external verification,"Score breakdown: +20 ESTATE/DECEASED signal in owner name; +15 Auction parcel = minimum 3+ years delinquent; +15 Auction/sale date confirmed: May 13-14, 2021; +10 LLC/Corp entity - likely revoked/dissolved (verify NV SOS) | ESTATE NAME SIGNAL - verify probate filing immediately | Phase 2 VERIFIED: on 2026 auction $185,588.61 — 5+ year delinquency confirmed; builder demand corridor (Lennar Centennial Hills 89130) VERIFIED; NUCLEAR TARGET score 140"
140-17-401-002,UNASSIGNED SITUS,BMR FUNDING LLC ETAL,UNVERIFIED - check Clark County Assessor,UNVERIFIED,3+ years minimum (2021 auction parcel; original delinquency year UNVERIFIED from source),"$49,520.75 (minimum bid as of 2021 auction notice)","SCHEDULED FOR AUCTION May 13-14, 2021 via Bid4Assets.com/ClarkNV",2021-05-13 to 2021-05-14,UNVERIFIED - check Clark County Assessor,UNVERIFIED - check: https://recorder.clarkcountynv.gov/forsearch/search?criteria=apn&query=140-17-401-002,UNVERIFIED - check Clark County Probate: https://www.clarkcountycourts.us/Anonymous/default.aspx,UNVERIFIED,UNVERIFIED - check: https://www.clarkcountycourts.us/Anonymous/default.aspx,UNVERIFIED - CHECK NV SOS: https://esos.nv.gov/EntitySearch/OnlineEntitySearch,UNVERIFIED - check Clark County Recorder,UNASSIGNED SITUS detected,60,STRONG TARGET,Dead Paper / Land Development Lead,1) Pull assessor record; 2) Check recorder for liens; 3) Verify LLC/entity status; 4) Outreach within 30 days,https://assessor.clarkcountynv.gov/assrapp/assessment/SitePages/showDetail.aspx?apn=140-17-401-002; https://treasurer.clarkcountynv.gov/treasurer-home/real-property-tax-inquiry?apn=140-17-401-002; https://recorder.clarkcountynv.gov/forsearch/search?criteria=apn&query=140-17-401-002; https://www.clarkcountynv.gov/government/departments/treasurer/real_property_tax_auction.php,PARTIAL - APN/Owner/Address/MinBid from source document; all other fields require external verification,"LLC multi-parcel | Score breakdown: +15 Auction parcel = minimum 3+ years delinquent; +15 Auction/sale date confirmed: May 13-14, 2021; +10 Unassigned situs = likely out-of-area owner (mailing ≠ property); +10 LLC/Corp entity - likely revoked/dissolved (verify NV SOS); +5 Owner has multiple delinquent auction parcels; +5 UNASSIGNED SITUS = likely vacant land/unaddressed parcel"
140-29-101-016,"4550 E VAN BUREN AVE, Las Vegas NV",REALTY DATA GROUP LLC,UNVERIFIED - check Clark County Assessor,UNVERIFIED,3+ years minimum (2021 auction parcel; original delinquency year UNVERIFIED from source),"$93,953.08 (minimum bid as of 2021 auction notice)","SCHEDULED FOR AUCTION May 13-14, 2021 via Bid4Assets.com/ClarkNV",2021-05-13 to 2021-05-14,UNVERIFIED - check Clark County Assessor,UNVERIFIED - check: https://recorder.clarkcountynv.gov/forsearch/search?criteria=apn&query=140-29-101-016,UNVERIFIED - check Clark County Probate: https://www.clarkcountycourts.us/Anonymous/default.aspx,UNVERIFIED,UNVERIFIED - check: https://www.clarkcountycourts.us/Anonymous/default.aspx,UNVERIFIED - CHECK NV SOS: https://esos.nv.gov/EntitySearch/OnlineEntitySearch,UNVERIFIED - check Clark County Recorder,UNVERIFIED - check Google Maps,45,WATCHLIST,Entity Distress / Wholesale or Flip,1) Pull assessor record; 2) Add to watchlist; 3) Re-score quarterly,https://assessor.clarkcountynv.gov/assrapp/assessment/SitePages/showDetail.aspx?apn=140-29-101-016; https://treasurer.clarkcountynv.gov/treasurer-home/real-property-tax-inquiry?apn=140-29-101-016; https://recorder.clarkcountynv.gov/forsearch/search?criteria=apn&query=140-29-101-016; https://www.clarkcountynv.gov/government/departments/treasurer/real_property_tax_auction.php,PARTIAL - APN/Owner/Address/MinBid from source document; all other fields require external verification,"Multi-parcel LLC - also has 139-21-210-007 | Score breakdown: +15 Auction parcel = minimum 3+ years delinquent; +15 Auction/sale date confirmed: May 13-14, 2021; +10 LLC/Corp entity - likely revoked/dissolved (verify NV SOS); +5 Owner has multiple delinquent auction parcels"
140-17-401-001,"2550 N LAMB BLVD, Las Vegas NV",BMR FUNDING LLC ETAL,UNVERIFIED - check Clark County Assessor,UNVERIFIED,3+ years minimum (2021 auction parcel; original delinquency year UNVERIFIED from source),"$49,744.75 (minimum bid as of 2021 auction notice)","SCHEDULED FOR AUCTION May 13-14, 2021 via Bid4Assets.com/ClarkNV",2021-05-13 to 2021-05-14,UNVERIFIED - check Clark County Assessor,UNVERIFIED - check: https://recorder.clarkcountynv.gov/forsearch/search?criteria=apn&query=140-17-401-001,UNVERIFIED - check Clark County Probate: https://www.clarkcountycourts.us/Anonymous/default.aspx,UNVERIFIED,UNVERIFIED - check: https://www.clarkcountycourts.us/Anonymous/default.aspx,UNVERIFIED - CHECK NV SOS: https://esos.nv.gov/EntitySearch/OnlineEntitySearch,UNVERIFIED - check Clark County Recorder,UNVERIFIED - check Google Maps,45,WATCHLIST,Entity Distress / Wholesale or Flip,1) Pull assessor record; 2) Add to watchlist; 3) Re-score quarterly,https://assessor.clarkcountynv.gov/assrapp/assessment/SitePages/showDetail.aspx?apn=140-17-401-001; https://treasurer.clarkcountynv.gov/treasurer-home/real-property-tax-inquiry?apn=140-17-401-001; https://recorder.clarkcountynv.gov/forsearch/search?criteria=apn&query=140-17-401-001; https://www.clarkcountynv.gov/government/departments/treasurer/real_property_tax_auction.php,PARTIAL - APN/Owner/Address/MinBid from source document; all other fields require external verification,"LLC multi-parcel | Score breakdown: +15 Auction parcel = minimum 3+ years delinquent; +15 Auction/sale date confirmed: May 13-14, 2021; +10 LLC/Corp entity - likely revoked/dissolved (verify NV SOS); +5 Owner has multiple delinquent auction parcels"
139-21-210-007,"2017 BALZAR AVE, Las Vegas NV",REALTY DATA GROUP LLC,UNVERIFIED - check Clark County Assessor,UNVERIFIED,3+ years minimum (2021 auction parcel; original delinquency year UNVERIFIED from source),"$41,122.83 (minimum bid as of 2021 auction notice)","SCHEDULED FOR AUCTION May 13-14, 2021 via Bid4Assets.com/ClarkNV",2021-05-13 to 2021-05-14,UNVERIFIED - check Clark County Assessor,UNVERIFIED - check: https://recorder.clarkcountynv.gov/forsearch/search?criteria=apn&query=139-21-210-007,UNVERIFIED - check Clark County Probate: https://www.clarkcountycourts.us/Anonymous/default.aspx,UNVERIFIED,UNVERIFIED - check: https://www.clarkcountycourts.us/Anonymous/default.aspx,UNVERIFIED - CHECK NV SOS: https://esos.nv.gov/EntitySearch/OnlineEntitySearch,UNVERIFIED - check Clark County Recorder,UNVERIFIED - check Google Maps,35,WATCH,Entity Distress / Wholesale or Flip,1) Pull assessor record; 2) Add to watchlist; 3) Re-score quarterly,https://assessor.clarkcountynv.gov/assrapp/assessment/SitePages/showDetail.aspx?apn=139-21-210-007; https://treasurer.clarkcountynv.gov/treasurer-home/real-property-tax-inquiry?apn=139-21-210-007; https://recorder.clarkcountynv.gov/forsearch/search?criteria=apn&query=139-21-210-007; https://www.clarkcountynv.gov/government/departments/treasurer/real_property_tax_auction.php,PARTIAL - APN/Owner/Address/MinBid from source document; all other fields require external verification,"Multi-parcel LLC | Score breakdown: +15 Auction parcel = minimum 3+ years delinquent; +15 Auction/sale date confirmed: May 13-14, 2021; +10 LLC/Corp entity - likely revoked/dissolved (verify NV SOS); +5 Owner has multiple delinquent auction parcels | Phase 2 FLAG: 2017 Balzar Ave sold Dec 8 2022 for $36,477 — OWNERSHIP LIKELY CHANGED; remove from LLC pipeline; verify current owner at assessor"
139-16-310-322,"2613 VISTA ST, Las Vegas NV",MILLER VISTA LAS VEGAS 276 LLC,UNVERIFIED - check Clark County Assessor,UNVERIFIED,3+ years minimum (2021 auction parcel; original delinquency year UNVERIFIED from source),"$1,773.60 (minimum bid as of 2021 auction notice)","SCHEDULED FOR AUCTION May 13-14, 2021 via Bid4Assets.com/ClarkNV",2021-05-13 to 2021-05-14,UNVERIFIED - check Clark County Assessor,UNVERIFIED - check: https://recorder.clarkcountynv.gov/forsearch/search?criteria=apn&query=139-16-310-322,UNVERIFIED - check Clark County Probate: https://www.clarkcountycourts.us/Anonymous/default.aspx,UNVERIFIED,UNVERIFIED - check: https://www.clarkcountycourts.us/Anonymous/default.aspx,UNVERIFIED - CHECK NV SOS: https://esos.nv.gov/EntitySearch/OnlineEntitySearch,UNVERIFIED - check Clark County Recorder,UNVERIFIED - check Google Maps,45,WATCHLIST,Entity Distress / Wholesale or Flip,1) Pull assessor record; 2) Add to watchlist; 3) Re-score quarterly,https://assessor.clarkcountynv.gov/assrapp/assessment/SitePages/showDetail.aspx?apn=139-16-310-322; https://treasurer.clarkcountynv.gov/treasurer-home/real-property-tax-inquiry?apn=139-16-310-322; https://recorder.clarkcountynv.gov/forsearch/search?criteria=apn&query=139-16-310-322; https://www.clarkcountynv.gov/government/departments/treasurer/real_property_tax_auction.php,PARTIAL - APN/Owner/Address/MinBid from source document; all other fields require external verification,"Multi-parcel LLC owner | Score breakdown: +15 Auction parcel = minimum 3+ years delinquent; +15 Auction/sale date confirmed: May 13-14, 2021; +10 LLC/Corp entity - likely revoked/dissolved (verify NV SOS); +5 Owner has multiple delinquent auction parcels"
139-16-310-324,"2605 VISTA ST, Las Vegas NV",MILLER VISTA LAS VEGAS 276 LLC,UNVERIFIED - check Clark County Assessor,UNVERIFIED,3+ years minimum (2021 auction parcel; original delinquency year UNVERIFIED from source),"$1,773.60 (minimum bid as of 2021 auction notice)","SCHEDULED FOR AUCTION May 13-14, 2021 via Bid4Assets.com/ClarkNV",2021-05-13 to 2021-05-14,UNVERIFIED - check Clark County Assessor,UNVERIFIED - check: https://recorder.clarkcountynv.gov/forsearch/search?criteria=apn&query=139-16-310-324,UNVERIFIED - check Clark County Probate: https://www.clarkcountycourts.us/Anonymous/default.aspx,UNVERIFIED,UNVERIFIED - check: https://www.clarkcountycourts.us/Anonymous/default.aspx,UNVERIFIED - CHECK NV SOS: https://esos.nv.gov/EntitySearch/OnlineEntitySearch,UNVERIFIED - check Clark County Recorder,UNVERIFIED - check Google Maps,45,WATCHLIST,Entity Distress / Wholesale or Flip,1) Pull assessor record; 2) Add to watchlist; 3) Re-score quarterly,https://assessor.clarkcountynv.gov/assrapp/assessment/SitePages/showDetail.aspx?apn=139-16-310-324; https://treasurer.clarkcountynv.gov/treasurer-home/real-property-tax-inquiry?apn=139-16-310-324; https://recorder.clarkcountynv.gov/forsearch/search?criteria=apn&query=139-16-310-324; https://www.clarkcountynv.gov/government/departments/treasurer/real_property_tax_auction.php,PARTIAL - APN/Owner/Address/MinBid from source document; all other fields require external verification,"Multi-parcel LLC owner | Score breakdown: +15 Auction parcel = minimum 3+ years delinquent; +15 Auction/sale date confirmed: May 13-14, 2021; +10 LLC/Corp entity - likely revoked/dissolved (verify NV SOS); +5 Owner has multiple delinquent auction parcels"
139-16-310-321,"2617 VISTA ST, Las Vegas NV",MILLER VISTA LAS VEGAS 276 LLC,UNVERIFIED - check Clark County Assessor,UNVERIFIED,3+ years minimum (2021 auction parcel; original delinquency year UNVERIFIED from source),"$1,717.60 (minimum bid as of 2021 auction notice)","SCHEDULED FOR AUCTION May 13-14, 2021 via Bid4Assets.com/ClarkNV",2021-05-13 to 2021-05-14,UNVERIFIED - check Clark County Assessor,UNVERIFIED - check: https://recorder.clarkcountynv.gov/forsearch/search?criteria=apn&query=139-16-310-321,UNVERIFIED - check Clark County Probate: https://www.clarkcountycourts.us/Anonymous/default.aspx,UNVERIFIED,UNVERIFIED - check: https://www.clarkcountycourts.us/Anonymous/default.aspx,UNVERIFIED - CHECK NV SOS: https://esos.nv.gov/EntitySearch/OnlineEntitySearch,UNVERIFIED - check Clark County Recorder,UNVERIFIED - check Google Maps,45,WATCHLIST,Entity Distress / Wholesale or Flip,1) Pull assessor record; 2) Add to watchlist; 3) Re-score quarterly,https://assessor.clarkcountynv.gov/assrapp/assessment/SitePages/showDetail.aspx?apn=139-16-310-321; https://treasurer.clarkcountynv.gov/treasurer-home/real-property-tax-inquiry?apn=139-16-310-321; https://recorder.clarkcountynv.gov/forsearch/search?criteria=apn&query=139-16-310-321; https://www.clarkcountynv.gov/government/departments/treasurer/real_property_tax_auction.php,PARTIAL - APN/Owner/Address/MinBid from source document; all other fields require external verification,"Multi-parcel LLC owner | Score breakdown: +15 Auction parcel = minimum 3+ years delinquent; +15 Auction/sale date confirmed: May 13-14, 2021; +10 LLC/Corp entity - likely revoked/dissolved (verify NV SOS); +5 Owner has multiple delinquent auction parcels"
139-16-310-323,"2609 VISTA ST, Las Vegas NV",MILLER VISTA LAS VEGAS 276 LLC,UNVERIFIED - check Clark County Assessor,UNVERIFIED,3+ years minimum (2021 auction parcel; original delinquency year UNVERIFIED from source),"$1,717.60 (minimum bid as of 2021 auction notice)","SCHEDULED FOR AUCTION May 13-14, 2021 via Bid4Assets.com/ClarkNV",2021-05-13 to 2021-05-14,UNVERIFIED - check Clark County Assessor,UNVERIFIED - check: https://recorder.clarkcountynv.gov/forsearch/search?criteria=apn&query=139-16-310-323,UNVERIFIED - check Clark County Probate: https://www.clarkcountycourts.us/Anonymous/default.aspx,UNVERIFIED,UNVERIFIED - check: https://www.clarkcountycourts.us/Anonymous/default.aspx,UNVERIFIED - CHECK NV SOS: https://esos.nv.gov/EntitySearch/OnlineEntitySearch,UNVERIFIED - check Clark County Recorder,UNVERIFIED - check Google Maps,45,WATCHLIST,Entity Distress / Wholesale or Flip,1) Pull assessor record; 2) Add to watchlist; 3) Re-score quarterly,https://assessor.clarkcountynv.gov/assrapp/assessment/SitePages/showDetail.aspx?apn=139-16-310-323; https://treasurer.clarkcountynv.gov/treasurer-home/real-property-tax-inquiry?apn=139-16-310-323; https://recorder.clarkcountynv.gov/forsearch/search?criteria=apn&query=139-16-310-323; https://www.clarkcountynv.gov/government/departments/treasurer/real_property_tax_auction.php,PARTIAL - APN/Owner/Address/MinBid from source document; all other fields require external verification,"Multi-parcel LLC owner | Score breakdown: +15 Auction parcel = minimum 3+ years delinquent; +15 Auction/sale date confirmed: May 13-14, 2021; +10 LLC/Corp entity - likely revoked/dissolved (verify NV SOS); +5 Owner has multiple delinquent auction parcels"
162-32-201-009,UNVERIFIED - check Clark County Assessor,LAS VEGAS REAL ESTATE L L C,UNVERIFIED,UNVERIFIED,3+ years (estimated from penalty/interest ratio),$89.66 (FY2023-2024; taxes $7.67 + pen/int $6.99 + cost $75.00),Certificate eligible June 2024 (redemption period per NRS 361),UNVERIFIED - certificate issued June 2024; auction eligibility after 2-year redemption period (~June 2026),UNVERIFIED,UNVERIFIED,YES - ESTATE signal,POSSIBLE,UNVERIFIED,LLC/Corp - verify NV SOS,UNVERIFIED,UNVERIFIED,45,WATCHLIST,Probate Acquisition Target,1) Verify at Clark County Assessor; 2) Check NV SOS for LLC status; 3) Pull recorder docs,https://assessor.clarkcountynv.gov/assrapp/assessment/SitePages/showDetail.aspx?apn=162-32-201-009; https://treasurer.clarkcountynv.gov/treasurer-home/real-property-tax-inquiry?apn=162-32-201-009; https://www.clarkcountynv.gov/government/departments/treasurer/delinquent_taxes.php,PARTIAL - APN/Owner/Tax amounts from 2024 Annual Delinquency Publication; address/assessed value require Assessor lookup,+20 ESTATE/DECEASED signal; +15 Estimated 3+ years delinquent (pen/int ratio); +10 LLC/Corp entity - verify NV SOS status | Source: 2024 Clark County Annual Delinquency Publication FY2023-2024
140-30-215-008,"3601 VALLEY FORGE AVE, Las Vegas NV",MARQUES INVESTMENTS LLC,UNVERIFIED - check Clark County Assessor,UNVERIFIED,3+ years minimum (2021 auction parcel; original delinquency year UNVERIFIED from source),"$92,505.80 (minimum bid as of 2021 auction notice)","SCHEDULED FOR AUCTION May 13-14, 2021 via Bid4Assets.com/ClarkNV",2021-05-13 to 2021-05-14,UNVERIFIED - check Clark County Assessor,UNVERIFIED - check: https://recorder.clarkcountynv.gov/forsearch/search?criteria=apn&query=140-30-215-008,UNVERIFIED - check Clark County Probate: https://www.clarkcountycourts.us/Anonymous/default.aspx,UNVERIFIED,UNVERIFIED - check: https://www.clarkcountycourts.us/Anonymous/default.aspx,UNVERIFIED - CHECK NV SOS: https://esos.nv.gov/EntitySearch/OnlineEntitySearch,UNVERIFIED - check Clark County Recorder,UNVERIFIED - check Google Maps,50,WATCH,Entity Distress / Wholesale or Flip,1) Pull assessor record; 2) Add to watchlist; 3) Re-score quarterly,https://assessor.clarkcountynv.gov/assrapp/assessment/SitePages/showDetail.aspx?apn=140-30-215-008; https://treasurer.clarkcountynv.gov/treasurer-home/real-property-tax-inquiry?apn=140-30-215-008; https://recorder.clarkcountynv.gov/forsearch/search?criteria=apn&query=140-30-215-008; https://www.clarkcountynv.gov/government/departments/treasurer/real_property_tax_auction.php,PARTIAL - APN/Owner/Address/MinBid from source document; all other fields require external verification,"LLC owner | Score breakdown: +15 Auction parcel = minimum 3+ years delinquent; +15 Auction/sale date confirmed: May 13-14, 2021; +10 LLC/Corp entity - likely revoked/dissolved (verify NV SOS) | Phase 2 VERIFIED: 3601 Valley Forge Ave SFR $291K est value; LLC delinquency NOT in 2024 list — verify current ownership before outreach"
139-35-713-029,"2120 ASH AVE, Las Vegas NV",CORNERSTONE HOLDINGS LLC,UNVERIFIED - check Clark County Assessor,UNVERIFIED,3+ years minimum (2021 auction parcel; original delinquency year UNVERIFIED from source),"$45,717.22 (minimum bid as of 2021 auction notice)","SCHEDULED FOR AUCTION May 13-14, 2021 via Bid4Assets.com/ClarkNV",2021-05-13 to 2021-05-14,UNVERIFIED - check Clark County Assessor,UNVERIFIED - check: https://recorder.clarkcountynv.gov/forsearch/search?criteria=apn&query=139-35-713-029,UNVERIFIED - check Clark County Probate: https://www.clarkcountycourts.us/Anonymous/default.aspx,UNVERIFIED,UNVERIFIED - check: https://www.clarkcountycourts.us/Anonymous/default.aspx,UNVERIFIED - CHECK NV SOS: https://esos.nv.gov/EntitySearch/OnlineEntitySearch,UNVERIFIED - check Clark County Recorder,UNVERIFIED - check Google Maps,20,WATCH,Entity Distress / Wholesale or Flip,1) Pull assessor record; 2) Add to watchlist; 3) Re-score quarterly,https://assessor.clarkcountynv.gov/assrapp/assessment/SitePages/showDetail.aspx?apn=139-35-713-029; https://treasurer.clarkcountynv.gov/treasurer-home/real-property-tax-inquiry?apn=139-35-713-029; https://recorder.clarkcountynv.gov/forsearch/search?criteria=apn&query=139-35-713-029; https://www.clarkcountynv.gov/government/departments/treasurer/real_property_tax_auction.php,PARTIAL - APN/Owner/Address/MinBid from source document; all other fields require external verification,"LLC owner | Score breakdown: +15 Auction parcel = minimum 3+ years delinquent; +15 Auction/sale date confirmed: May 13-14, 2021; +10 LLC/Corp entity - likely revoked/dissolved (verify NV SOS) | Phase 2 FLAG: 2120 Ash Ave sold Aug 26 2022 for $365,000 — OWNERSHIP CHANGED; original LLC delinquency likely resolved; ARCHIVE"
140-15-411-041,"2558 ATHENA DR, Las Vegas NV",STRAWBERRY FIELD LLC,UNVERIFIED - check Clark County Assessor,UNVERIFIED,3+ years minimum (2021 auction parcel; original delinquency year UNVERIFIED from source),"$21,253.27 (minimum bid as of 2021 auction notice)","SCHEDULED FOR AUCTION May 13-14, 2021 via Bid4Assets.com/ClarkNV",2021-05-13 to 2021-05-14,UNVERIFIED - check Clark County Assessor,UNVERIFIED - check: https://recorder.clarkcountynv.gov/forsearch/search?criteria=apn&query=140-15-411-041,UNVERIFIED - check Clark County Probate: https://www.clarkcountycourts.us/Anonymous/default.aspx,UNVERIFIED,UNVERIFIED - check: https://www.clarkcountycourts.us/Anonymous/default.aspx,UNVERIFIED - CHECK NV SOS: https://esos.nv.gov/EntitySearch/OnlineEntitySearch,UNVERIFIED - check Clark County Recorder,UNVERIFIED - check Google Maps,40,WATCH,Entity Distress / Wholesale or Flip,1) Pull assessor record; 2) Add to watchlist; 3) Re-score quarterly,https://assessor.clarkcountynv.gov/assrapp/assessment/SitePages/showDetail.aspx?apn=140-15-411-041; https://treasurer.clarkcountynv.gov/treasurer-home/real-property-tax-inquiry?apn=140-15-411-041; https://recorder.clarkcountynv.gov/forsearch/search?criteria=apn&query=140-15-411-041; https://www.clarkcountynv.gov/government/departments/treasurer/real_property_tax_auction.php,PARTIAL - APN/Owner/Address/MinBid from source document; all other fields require external verification,"LLC owner | Score breakdown: +15 Auction parcel = minimum 3+ years delinquent; +15 Auction/sale date confirmed: May 13-14, 2021; +10 LLC/Corp entity - likely revoked/dissolved (verify NV SOS) | Phase 2 VERIFIED: 2558 Athena Dr — 720 sqft built 1970; very small structure; NOT in 2024 delinquency list; verify current status"
162-11-213-006,"1440 VEGAS VALLEY DR UT 6, Las Vegas NV",SMITH & PARKER LLC,UNVERIFIED - check Clark County Assessor,UNVERIFIED,3+ years minimum (2021 auction parcel; original delinquency year UNVERIFIED from source),"$6,610.36 (minimum bid as of 2021 auction notice)","SCHEDULED FOR AUCTION May 13-14, 2021 via Bid4Assets.com/ClarkNV",2021-05-13 to 2021-05-14,UNVERIFIED - check Clark County Assessor,UNVERIFIED - check: https://recorder.clarkcountynv.gov/forsearch/search?criteria=apn&query=162-11-213-006,UNVERIFIED - check Clark County Probate: https://www.clarkcountycourts.us/Anonymous/default.aspx,UNVERIFIED,UNVERIFIED - check: https://www.clarkcountycourts.us/Anonymous/default.aspx,UNVERIFIED - CHECK NV SOS: https://esos.nv.gov/EntitySearch/OnlineEntitySearch,UNVERIFIED - check Clark County Recorder,UNVERIFIED - check Google Maps,40,WATCHLIST,Entity Distress / Wholesale or Flip,1) Pull assessor record; 2) Add to watchlist; 3) Re-score quarterly,https://assessor.clarkcountynv.gov/assrapp/assessment/SitePages/showDetail.aspx?apn=162-11-213-006; https://treasurer.clarkcountynv.gov/treasurer-home/real-property-tax-inquiry?apn=162-11-213-006; https://recorder.clarkcountynv.gov/forsearch/search?criteria=apn&query=162-11-213-006; https://www.clarkcountynv.gov/government/departments/treasurer/real_property_tax_auction.php,PARTIAL - APN/Owner/Address/MinBid from source document; all other fields require external verification,"LLC owner | Score breakdown: +15 Auction parcel = minimum 3+ years delinquent; +15 Auction/sale date confirmed: May 13-14, 2021; +10 LLC/Corp entity - likely revoked/dissolved (verify NV SOS)"
125-10-510-007,UNVERIFIED - check Clark County Assessor,STONERIDGE PARKWAY L L C,UNVERIFIED,UNVERIFIED,3+ years (estimated from penalty/interest ratio),"$1,757,386.81 (FY2023-2024; taxes $990,832.83 + pen/int $766,465.98 + cost $88.00)",Certificate eligible June 2024 (redemption period per NRS 361),UNVERIFIED - certificate issued June 2024; auction eligibility after 2-year redemption period (~June 2026),UNVERIFIED,UNVERIFIED,UNVERIFIED,UNVERIFIED,UNVERIFIED,LLC/Corp - verify NV SOS,UNVERIFIED,UNVERIFIED,35,LOW PRIORITY,Entity Distress / Wholesale or Flip,1) Verify at Clark County Assessor; 2) Check NV SOS for LLC status; 3) Pull recorder docs,https://assessor.clarkcountynv.gov/assrapp/assessment/SitePages/showDetail.aspx?apn=125-10-510-007; https://treasurer.clarkcountynv.gov/treasurer-home/real-property-tax-inquiry?apn=125-10-510-007; https://www.clarkcountynv.gov/government/departments/treasurer/delinquent_taxes.php,PARTIAL - APN/Owner/Tax amounts from 2024 Annual Delinquency Publication; address/assessed value require Assessor lookup,+15 Estimated 3+ years delinquent (pen/int ratio); +10 LLC/Corp entity - verify NV SOS status; +5 Multi-parcel owner (6 parcels in 2024 list); +5 High taxes owed (>$50k) | Source: 2024 Clark County Annual Delinquency Publication FY2023-2024
139-28-703-005,UNVERIFIED - check Clark County Assessor,R A H CAPITAL L L C,UNVERIFIED,UNVERIFIED,3+ years (estimated from penalty/interest ratio),"$1,207,497.75 (FY2023-2024; taxes $710,333.60 + pen/int $497,143.15 + cost $21.00)",Certificate eligible June 2024 (redemption period per NRS 361),UNVERIFIED - certificate issued June 2024; auction eligibility after 2-year redemption period (~June 2026),UNVERIFIED,UNVERIFIED,UNVERIFIED,UNVERIFIED,UNVERIFIED,LLC/Corp - verify NV SOS,UNVERIFIED,UNVERIFIED,35,LOW PRIORITY,Entity Distress / Wholesale or Flip,1) Verify at Clark County Assessor; 2) Check NV SOS for LLC status; 3) Pull recorder docs,https://assessor.clarkcountynv.gov/assrapp/assessment/SitePages/showDetail.aspx?apn=139-28-703-005; https://treasurer.clarkcountynv.gov/treasurer-home/real-property-tax-inquiry?apn=139-28-703-005; https://www.clarkcountynv.gov/government/departments/treasurer/delinquent_taxes.php,PARTIAL - APN/Owner/Tax amounts from 2024 Annual Delinquency Publication; address/assessed value require Assessor lookup,+15 Estimated 3+ years delinquent (pen/int ratio); +10 LLC/Corp entity - verify NV SOS status; +5 Multi-parcel owner (6 parcels in 2024 list); +5 High taxes owed (>$50k) | Source: 2024 Clark County Annual Delinquency Publication FY2023-2024
139-28-711-006,UNVERIFIED - check Clark County Assessor,R A H CAPITAL L L C,UNVERIFIED,UNVERIFIED,3+ years (estimated from penalty/interest ratio),"$875,210.96 (FY2023-2024; taxes $511,361.12 + pen/int $363,800.84 + cost $49.00)",Certificate eligible June 2024 (redemption period per NRS 361),UNVERIFIED - certificate issued June 2024; auction eligibility after 2-year redemption period (~June 2026),UNVERIFIED,UNVERIFIED,UNVERIFIED,UNVERIFIED,UNVERIFIED,LLC/Corp - verify NV SOS,UNVERIFIED,UNVERIFIED,35,LOW PRIORITY,Entity Distress / Wholesale or Flip,1) Verify at Clark County Assessor; 2) Check NV SOS for LLC status; 3) Pull recorder docs,https://assessor.clarkcountynv.gov/assrapp/assessment/SitePages/showDetail.aspx?apn=139-28-711-006; https://treasurer.clarkcountynv.gov/treasurer-home/real-property-tax-inquiry?apn=139-28-711-006; https://www.clarkcountynv.gov/government/departments/treasurer/delinquent_taxes.php,PARTIAL - APN/Owner/Tax amounts from 2024 Annual Delinquency Publication; address/assessed value require Assessor lookup,+15 Estimated 3+ years delinquent (pen/int ratio); +10 LLC/Corp entity - verify NV SOS status; +5 Multi-parcel owner (6 parcels in 2024 list); +5 High taxes owed (>$50k) | Source: 2024 Clark County Annual Delinquency Publication FY2023-2024
139-28-703-013,UNVERIFIED - check Clark County Assessor,R A H CAPITAL L L C,UNVERIFIED,UNVERIFIED,3+ years (estimated from penalty/interest ratio),"$728,732.57 (FY2023-2024; taxes $429,851.88 + pen/int $298,859.69 + cost $21.00)",Certificate eligible June 2024 (redemption period per NRS 361),UNVERIFIED - certificate issued June 2024; auction eligibility after 2-year redemption period (~June 2026),UNVERIFIED,UNVERIFIED,UNVERIFIED,UNVERIFIED,UNVERIFIED,LLC/Corp - verify NV SOS,UNVERIFIED,UNVERIFIED,35,LOW PRIORITY,Entity Distress / Wholesale or Flip,1) Verify at Clark County Assessor; 2) Check NV SOS for LLC status; 3) Pull recorder docs,https://assessor.clarkcountynv.gov/assrapp/assessment/SitePages/showDetail.aspx?apn=139-28-703-013; https://treasurer.clarkcountynv.gov/treasurer-home/real-property-tax-inquiry?apn=139-28-703-013; https://www.clarkcountynv.gov/government/departments/treasurer/delinquent_taxes.php,PARTIAL - APN/Owner/Tax amounts from 2024 Annual Delinquency Publication; address/assessed value require Assessor lookup,+15 Estimated 3+ years delinquent (pen/int ratio); +10 LLC/Corp entity - verify NV SOS status; +5 Multi-parcel owner (6 parcels in 2024 list); +5 High taxes owed (>$50k) | Source: 2024 Clark County Annual Delinquency Publication FY2023-2024
125-10-811-020,UNVERIFIED - check Clark County Assessor,STONERIDGE PARKWAY L L C,UNVERIFIED,UNVERIFIED,3+ years (estimated from penalty/interest ratio),"$253,000.47 (FY2023-2024; taxes $139,128.58 + pen/int $113,783.89 + cost $88.00)",Certificate eligible June 2024 (redemption period per NRS 361),UNVERIFIED - certificate issued June 2024; auction eligibility after 2-year redemption period (~June 2026),UNVERIFIED,UNVERIFIED,UNVERIFIED,UNVERIFIED,UNVERIFIED,LLC/Corp - verify NV SOS,UNVERIFIED,UNVERIFIED,35,LOW PRIORITY,Entity Distress / Wholesale or Flip,1) Verify at Clark County Assessor; 2) Check NV SOS for LLC status; 3) Pull recorder docs,https://assessor.clarkcountynv.gov/assrapp/assessment/SitePages/showDetail.aspx?apn=125-10-811-020; https://treasurer.clarkcountynv.gov/treasurer-home/real-property-tax-inquiry?apn=125-10-811-020; https://www.clarkcountynv.gov/government/departments/treasurer/delinquent_taxes.php,PARTIAL - APN/Owner/Tax amounts from 2024 Annual Delinquency Publication; address/assessed value require Assessor lookup,+15 Estimated 3+ years delinquent (pen/int ratio); +10 LLC/Corp entity - verify NV SOS status; +5 Multi-parcel owner (6 parcels in 2024 list); +5 High taxes owed (>$50k) | Source: 2024 Clark County Annual Delinquency Publication FY2023-2024
125-10-110-014,UNVERIFIED - check Clark County Assessor,STONERIDGE PARKWAY L L C,UNVERIFIED,UNVERIFIED,3+ years (estimated from penalty/interest ratio),"$71,957.81 (FY2023-2024; taxes $39,539.71 + pen/int $32,330.10 + cost $88.00)",Certificate eligible June 2024 (redemption period per NRS 361),UNVERIFIED - certificate issued June 2024; auction eligibility after 2-year redemption period (~June 2026),UNVERIFIED,UNVERIFIED,UNVERIFIED,UNVERIFIED,UNVERIFIED,LLC/Corp - verify NV SOS,UNVERIFIED,UNVERIFIED,35,LOW PRIORITY,Entity Distress / Wholesale or Flip,1) Verify at Clark County Assessor; 2) Check NV SOS for LLC status; 3) Pull recorder docs,https://assessor.clarkcountynv.gov/assrapp/assessment/SitePages/showDetail.aspx?apn=125-10-110-014; https://treasurer.clarkcountynv.gov/treasurer-home/real-property-tax-inquiry?apn=125-10-110-014; https://www.clarkcountynv.gov/government/departments/treasurer/delinquent_taxes.php,PARTIAL - APN/Owner/Tax amounts from 2024 Annual Delinquency Publication; address/assessed value require Assessor lookup,+15 Estimated 3+ years delinquent (pen/int ratio); +10 LLC/Corp entity - verify NV SOS status; +5 Multi-parcel owner (6 parcels in 2024 list); +5 High taxes owed (>$50k) | Source: 2024 Clark County Annual Delinquency Publication FY2023-2024
191-10-310-006,UNVERIFIED - check Clark County Assessor,ODYSSEY TIER INDUSTRIAL CENTER L L C,UNVERIFIED,UNVERIFIED,3+ years (estimated from penalty/interest ratio),"$69,028.34 (FY2023-2024; taxes $52,576.99 + pen/int $16,430.35 + cost $21.00)",Certificate eligible June 2024 (redemption period per NRS 361),UNVERIFIED - certificate issued June 2024; auction eligibility after 2-year redemption period (~June 2026),UNVERIFIED,UNVERIFIED,UNVERIFIED,UNVERIFIED,UNVERIFIED,LLC/Corp - verify NV SOS,UNVERIFIED,UNVERIFIED,35,LOW PRIORITY,Entity Distress / Wholesale or Flip,1) Verify at Clark County Assessor; 2) Check NV SOS for LLC status; 3) Pull recorder docs,https://assessor.clarkcountynv.gov/assrapp/assessment/SitePages/showDetail.aspx?apn=191-10-310-006; https://treasurer.clarkcountynv.gov/treasurer-home/real-property-tax-inquiry?apn=191-10-310-006; https://www.clarkcountynv.gov/government/departments/treasurer/delinquent_taxes.php,PARTIAL - APN/Owner/Tax amounts from 2024 Annual Delinquency Publication; address/assessed value require Assessor lookup,+15 Estimated 3+ years delinquent (pen/int ratio); +10 LLC/Corp entity - verify NV SOS status; +5 Multi-parcel owner (2 parcels in 2024 list); +5 High taxes owed (>$50k) | Source: 2024 Clark County Annual Delinquency Publication FY2023-2024
125-10-110-009,UNVERIFIED - check Clark County Assessor,STONERIDGE PARKWAY L L C,UNVERIFIED,UNVERIFIED,3+ years (estimated from penalty/interest ratio),"$61,778.17 (FY2023-2024; taxes $33,941.21 + pen/int $27,750.96 + cost $86.00)",Certificate eligible June 2024 (redemption period per NRS 361),UNVERIFIED - certificate issued June 2024; auction eligibility after 2-year redemption period (~June 2026),UNVERIFIED,UNVERIFIED,UNVERIFIED,UNVERIFIED,UNVERIFIED,LLC/Corp - verify NV SOS,UNVERIFIED,UNVERIFIED,35,LOW PRIORITY,Entity Distress / Wholesale or Flip,1) Verify at Clark County Assessor; 2) Check NV SOS for LLC status; 3) Pull recorder docs,https://assessor.clarkcountynv.gov/assrapp/assessment/SitePages/showDetail.aspx?apn=125-10-110-009; https://treasurer.clarkcountynv.gov/treasurer-home/real-property-tax-inquiry?apn=125-10-110-009; https://www.clarkcountynv.gov/government/departments/treasurer/delinquent_taxes.php,PARTIAL - APN/Owner/Tax amounts from 2024 Annual Delinquency Publication; address/assessed value require Assessor lookup,+15 Estimated 3+ years delinquent (pen/int ratio); +10 LLC/Corp entity - verify NV SOS status; +5 Multi-parcel owner (6 parcels in 2024 list); +5 High taxes owed (>$50k) | Source: 2024 Clark County Annual Delinquency Publication FY2023-2024
140-29-118-016,UNVERIFIED - check Clark County Assessor,R C L ESTATES L L C,UNVERIFIED,UNVERIFIED,Current year or less (FY2023-2024),$343.51 (FY2023-2024; taxes $318.76 + pen/int $12.75 + cost $12.00),Certificate eligible June 2024 (redemption period per NRS 361),UNVERIFIED - certificate issued June 2024; auction eligibility after 2-year redemption period (~June 2026),UNVERIFIED,UNVERIFIED,YES - ESTATE signal,POSSIBLE,UNVERIFIED,LLC/Corp - verify NV SOS,UNVERIFIED,UNVERIFIED,35,LOW PRIORITY,Probate Acquisition Target,1) Verify at Clark County Assessor; 2) Check NV SOS for LLC status; 3) Pull recorder docs,https://assessor.clarkcountynv.gov/assrapp/assessment/SitePages/showDetail.aspx?apn=140-29-118-016; https://treasurer.clarkcountynv.gov/treasurer-home/real-property-tax-inquiry?apn=140-29-118-016; https://www.clarkcountynv.gov/government/departments/treasurer/delinquent_taxes.php,PARTIAL - APN/Owner/Tax amounts from 2024 Annual Delinquency Publication; address/assessed value require Assessor lookup,+20 ESTATE/DECEASED signal; +10 LLC/Corp entity - verify NV SOS status; +5 Multi-parcel owner (3 parcels in 2024 list) | Source: 2024 Clark County Annual Delinquency Publication FY2023-2024
140-29-118-006,UNVERIFIED - check Clark County Assessor,R C L ESTATES L L C,UNVERIFIED,UNVERIFIED,Current year or less (FY2023-2024),$297.80 (FY2023-2024; taxes $274.81 + pen/int $10.99 + cost $12.00),Certificate eligible June 2024 (redemption period per NRS 361),UNVERIFIED - certificate issued June 2024; auction eligibility after 2-year redemption period (~June 2026),UNVERIFIED,UNVERIFIED,YES - ESTATE signal,POSSIBLE,UNVERIFIED,LLC/Corp - verify NV SOS,UNVERIFIED,UNVERIFIED,35,LOW PRIORITY,Probate Acquisition Target,1) Verify at Clark County Assessor; 2) Check NV SOS for LLC status; 3) Pull recorder docs,https://assessor.clarkcountynv.gov/assrapp/assessment/SitePages/showDetail.aspx?apn=140-29-118-006; https://treasurer.clarkcountynv.gov/treasurer-home/real-property-tax-inquiry?apn=140-29-118-006; https://www.clarkcountynv.gov/government/departments/treasurer/delinquent_taxes.php,PARTIAL - APN/Owner/Tax amounts from 2024 Annual Delinquency Publication; address/assessed value require Assessor lookup,+20 ESTATE/DECEASED signal; +10 LLC/Corp entity - verify NV SOS status; +5 Multi-parcel owner (3 parcels in 2024 list) | Source: 2024 Clark County Annual Delinquency Publication FY2023-2024
140-29-111-017,UNVERIFIED - check Clark County Assessor,R C L ESTATES L L C,UNVERIFIED,UNVERIFIED,Current year or less (FY2023-2024),$274.98 (FY2023-2024; taxes $252.87 + pen/int $10.11 + cost $12.00),Certificate eligible June 2024 (redemption period per NRS 361),UNVERIFIED - certificate issued June 2024; auction eligibility after 2-year redemption period (~June 2026),UNVERIFIED,UNVERIFIED,YES - ESTATE signal,POSSIBLE,UNVERIFIED,LLC/Corp - verify NV SOS,UNVERIFIED,UNVERIFIED,35,LOW PRIORITY,Probate Acquisition Target,1) Verify at Clark County Assessor; 2) Check NV SOS for LLC status; 3) Pull recorder docs,https://assessor.clarkcountynv.gov/assrapp/assessment/SitePages/showDetail.aspx?apn=140-29-111-017; https://treasurer.clarkcountynv.gov/treasurer-home/real-property-tax-inquiry?apn=140-29-111-017; https://www.clarkcountynv.gov/government/departments/treasurer/delinquent_taxes.php,PARTIAL - APN/Owner/Tax amounts from 2024 Annual Delinquency Publication; address/assessed value require Assessor lookup,+20 ESTATE/DECEASED signal; +10 LLC/Corp entity - verify NV SOS status; +5 Multi-parcel owner (3 parcels in 2024 list) | Source: 2024 Clark County Annual Delinquency Publication FY2023-2024
139-26-411-004,UNVERIFIED - check Clark County Assessor,BRYCE PETERS FIN CORP L L C,UNVERIFIED,UNVERIFIED,3+ years (estimated from penalty/interest ratio),"$457,974.42 (FY2023-2024; taxes $192,380.57 + pen/int $264,674.85 + cost $919.00)",Certificate eligible June 2024 (redemption period per NRS 361),UNVERIFIED - certificate issued June 2024; auction eligibility after 2-year redemption period (~June 2026),UNVERIFIED,UNVERIFIED,UNVERIFIED,UNVERIFIED,UNVERIFIED,LLC/Corp - verify NV SOS,UNVERIFIED,UNVERIFIED,30,LOW PRIORITY,Entity Distress / Wholesale or Flip,1) Verify at Clark County Assessor; 2) Check NV SOS for LLC status; 3) Pull recorder docs,https://assessor.clarkcountynv.gov/assrapp/assessment/SitePages/showDetail.aspx?apn=139-26-411-004; https://treasurer.clarkcountynv.gov/treasurer-home/real-property-tax-inquiry?apn=139-26-411-004; https://www.clarkcountynv.gov/government/departments/treasurer/delinquent_taxes.php,PARTIAL - APN/Owner/Tax amounts from 2024 Annual Delinquency Publication; address/assessed value require Assessor lookup,+15 Estimated 3+ years delinquent (pen/int ratio); +10 LLC/Corp entity - verify NV SOS status; +5 High taxes owed (>$50k) | Source: 2024 Clark County Annual Delinquency Publication FY2023-2024
129-12-000-006,UNVERIFIED - check Clark County Assessor,RULER L L C,UNVERIFIED,UNVERIFIED,3+ years (estimated from penalty/interest ratio),"$308,894.97 (FY2023-2024; taxes $199,306.82 + pen/int $109,508.15 + cost $80.00)",Certificate eligible June 2024 (redemption period per NRS 361),UNVERIFIED - certificate issued June 2024; auction eligibility after 2-year redemption period (~June 2026),UNVERIFIED,UNVERIFIED,UNVERIFIED,UNVERIFIED,UNVERIFIED,LLC/Corp - verify NV SOS,UNVERIFIED,UNVERIFIED,30,LOW PRIORITY,Entity Distress / Wholesale or Flip,1) Verify at Clark County Assessor; 2) Check NV SOS for LLC status; 3) Pull recorder docs,https://assessor.clarkcountynv.gov/assrapp/assessment/SitePages/showDetail.aspx?apn=129-12-000-006; https://treasurer.clarkcountynv.gov/treasurer-home/real-property-tax-inquiry?apn=129-12-000-006; https://www.clarkcountynv.gov/government/departments/treasurer/delinquent_taxes.php,PARTIAL - APN/Owner/Tax amounts from 2024 Annual Delinquency Publication; address/assessed value require Assessor lookup,+15 Estimated 3+ years delinquent (pen/int ratio); +10 LLC/Corp entity - verify NV SOS status; +5 High taxes owed (>$50k) | Source: 2024 Clark County Annual Delinquency Publication FY2023-2024
139-35-111-013,UNVERIFIED - check Clark County Assessor,TORI-ANN INC,UNVERIFIED,UNVERIFIED,3+ years (estimated from penalty/interest ratio),"$236,011.26 (FY2023-2024; taxes $132,112.37 + pen/int $103,812.89 + cost $86.00)",Certificate eligible June 2024 (redemption period per NRS 361),UNVERIFIED - certificate issued June 2024; auction eligibility after 2-year redemption period (~June 2026),UNVERIFIED,UNVERIFIED,UNVERIFIED,UNVERIFIED,UNVERIFIED,LLC/Corp - verify NV SOS,UNVERIFIED,UNVERIFIED,30,LOW PRIORITY,Entity Distress / Wholesale or Flip,1) Verify at Clark County Assessor; 2) Check NV SOS for LLC status; 3) Pull recorder docs,https://assessor.clarkcountynv.gov/assrapp/assessment/SitePages/showDetail.aspx?apn=139-35-111-013; https://treasurer.clarkcountynv.gov/treasurer-home/real-property-tax-inquiry?apn=139-35-111-013; https://www.clarkcountynv.gov/government/departments/treasurer/delinquent_taxes.php,PARTIAL - APN/Owner/Tax amounts from 2024 Annual Delinquency Publication; address/assessed value require Assessor lookup,+15 Estimated 3+ years delinquent (pen/int ratio); +10 LLC/Corp entity - verify NV SOS status; +5 High taxes owed (>$50k) | Source: 2024 Clark County Annual Delinquency Publication FY2023-2024
163-36-613-015,UNVERIFIED - check Clark County Assessor,SOUTHWEST INDUSTRIAL PARK L L C,UNVERIFIED,UNVERIFIED,3+ years (estimated from penalty/interest ratio),"$146,087.12 (FY2023-2024; taxes $75,582.01 + pen/int $69,643.11 + cost $862.00)",Certificate eligible June 2024 (redemption period per NRS 361),UNVERIFIED - certificate issued June 2024; auction eligibility after 2-year redemption period (~June 2026),UNVERIFIED,UNVERIFIED,UNVERIFIED,UNVERIFIED,UNVERIFIED,LLC/Corp - verify NV SOS,UNVERIFIED,UNVERIFIED,30,LOW PRIORITY,Entity Distress / Wholesale or Flip,1) Verify at Clark County Assessor; 2) Check NV SOS for LLC status; 3) Pull recorder docs,https://assessor.clarkcountynv.gov/assrapp/assessment/SitePages/showDetail.aspx?apn=163-36-613-015; https://treasurer.clarkcountynv.gov/treasurer-home/real-property-tax-inquiry?apn=163-36-613-015; https://www.clarkcountynv.gov/government/departments/treasurer/delinquent_taxes.php,PARTIAL - APN/Owner/Tax amounts from 2024 Annual Delinquency Publication; address/assessed value require Assessor lookup,+15 Estimated 3+ years delinquent (pen/int ratio); +10 LLC/Corp entity - verify NV SOS status; +5 High taxes owed (>$50k) | Source: 2024 Clark County Annual Delinquency Publication FY2023-2024
103-13-010-020,UNVERIFIED - check Clark County Assessor,GLOBAL BIO LABS L L C,UNVERIFIED,UNVERIFIED,3+ years (estimated from penalty/interest ratio),"$125,344.06 (FY2023-2024; taxes $95,346.77 + pen/int $29,930.29 + cost $67.00)",Certificate eligible June 2024 (redemption period per NRS 361),UNVERIFIED - certificate issued June 2024; auction eligibility after 2-year redemption period (~June 2026),UNVERIFIED,UNVERIFIED,UNVERIFIED,UNVERIFIED,UNVERIFIED,LLC/Corp - verify NV SOS,UNVERIFIED,UNVERIFIED,30,LOW PRIORITY,Entity Distress / Wholesale or Flip,1) Verify at Clark County Assessor; 2) Check NV SOS for LLC status; 3) Pull recorder docs,https://assessor.clarkcountynv.gov/assrapp/assessment/SitePages/showDetail.aspx?apn=103-13-010-020; https://treasurer.clarkcountynv.gov/treasurer-home/real-property-tax-inquiry?apn=103-13-010-020; https://www.clarkcountynv.gov/government/departments/treasurer/delinquent_taxes.php,PARTIAL - APN/Owner/Tax amounts from 2024 Annual Delinquency Publication; address/assessed value require Assessor lookup,+15 Estimated 3+ years delinquent (pen/int ratio); +10 LLC/Corp entity - verify NV SOS status; +5 High taxes owed (>$50k) | Source: 2024 Clark County Annual Delinquency Publication FY2023-2024
163-14-701-006,UNVERIFIED - check Clark County Assessor,INTERLINKS L L C,UNVERIFIED,UNVERIFIED,3+ years (estimated from penalty/interest ratio),"$65,577.86 (FY2023-2024; taxes $51,570.93 + pen/int $13,985.93 + cost $21.00)",Certificate eligible June 2024 (redemption period per NRS 361),UNVERIFIED - certificate issued June 2024; auction eligibility after 2-year redemption period (~June 2026),UNVERIFIED,UNVERIFIED,UNVERIFIED,UNVERIFIED,UNVERIFIED,LLC/Corp - verify NV SOS,UNVERIFIED,UNVERIFIED,30,LOW PRIORITY,Entity Distress / Wholesale or Flip,1) Verify at Clark County Assessor; 2) Check NV SOS for LLC status; 3) Pull recorder docs,https://assessor.clarkcountynv.gov/assrapp/assessment/SitePages/showDetail.aspx?apn=163-14-701-006; https://treasurer.clarkcountynv.gov/treasurer-home/real-property-tax-inquiry?apn=163-14-701-006; https://www.clarkcountynv.gov/government/departments/treasurer/delinquent_taxes.php,PARTIAL - APN/Owner/Tax amounts from 2024 Annual Delinquency Publication; address/assessed value require Assessor lookup,+15 Estimated 3+ years delinquent (pen/int ratio); +10 LLC/Corp entity - verify NV SOS status; +5 High taxes owed (>$50k) | Source: 2024 Clark County Annual Delinquency Publication FY2023-2024
162-30-501-038,UNVERIFIED - check Clark County Assessor,BENTARDOUGH INDUSTRIES L L C,UNVERIFIED,UNVERIFIED,3+ years (estimated from penalty/interest ratio),"$54,911.21 (FY2023-2024; taxes $43,703.54 + pen/int $11,186.67 + cost $21.00)",Certificate eligible June 2024 (redemption period per NRS 361),UNVERIFIED - certificate issued June 2024; auction eligibility after 2-year redemption period (~June 2026),UNVERIFIED,UNVERIFIED,UNVERIFIED,UNVERIFIED,UNVERIFIED,LLC/Corp - verify NV SOS,UNVERIFIED,UNVERIFIED,30,LOW PRIORITY,Entity Distress / Wholesale or Flip,1) Verify at Clark County Assessor; 2) Check NV SOS for LLC status; 3) Pull recorder docs,https://assessor.clarkcountynv.gov/assrapp/assessment/SitePages/showDetail.aspx?apn=162-30-501-038; https://treasurer.clarkcountynv.gov/treasurer-home/real-property-tax-inquiry?apn=162-30-501-038; https://www.clarkcountynv.gov/government/departments/treasurer/delinquent_taxes.php,PARTIAL - APN/Owner/Tax amounts from 2024 Annual Delinquency Publication; address/assessed value require Assessor lookup,+15 Estimated 3+ years delinquent (pen/int ratio); +10 LLC/Corp entity - verify NV SOS status; +5 High taxes owed (>$50k) | Source: 2024 Clark County Annual Delinquency Publication FY2023-2024
140-19-301-044,UNVERIFIED - check Clark County Assessor,PACOS CREEK VILLAGE L L C,UNVERIFIED,UNVERIFIED,3+ years (estimated from penalty/interest ratio),"$53,027.71 (FY2023-2024; taxes $39,608.84 + pen/int $13,366.87 + cost $52.00)",Certificate eligible June 2024 (redemption period per NRS 361),UNVERIFIED - certificate issued June 2024; auction eligibility after 2-year redemption period (~June 2026),UNVERIFIED,UNVERIFIED,UNVERIFIED,UNVERIFIED,UNVERIFIED,LLC/Corp - verify NV SOS,UNVERIFIED,UNVERIFIED,30,LOW PRIORITY,Entity Distress / Wholesale or Flip,1) Verify at Clark County Assessor; 2) Check NV SOS for LLC status; 3) Pull recorder docs,https://assessor.clarkcountynv.gov/assrapp/assessment/SitePages/showDetail.aspx?apn=140-19-301-044; https://treasurer.clarkcountynv.gov/treasurer-home/real-property-tax-inquiry?apn=140-19-301-044; https://www.clarkcountynv.gov/government/departments/treasurer/delinquent_taxes.php,PARTIAL - APN/Owner/Tax amounts from 2024 Annual Delinquency Publication; address/assessed value require Assessor lookup,+15 Estimated 3+ years delinquent (pen/int ratio); +10 LLC/Corp entity - verify NV SOS status; +5 High taxes owed (>$50k) | Source: 2024 Clark County Annual Delinquency Publication FY2023-2024
125-10-811-011,UNVERIFIED - check Clark County Assessor,STONERIDGE PARKWAY L L C,UNVERIFIED,UNVERIFIED,3+ years (estimated from penalty/interest ratio),"$45,854.94 (FY2023-2024; taxes $25,641.64 + pen/int $20,099.30 + cost $114.00)",Certificate eligible June 2024 (redemption period per NRS 361),UNVERIFIED - certificate issued June 2024; auction eligibility after 2-year redemption period (~June 2026),UNVERIFIED,UNVERIFIED,UNVERIFIED,UNVERIFIED,UNVERIFIED,LLC/Corp - verify NV SOS,UNVERIFIED,UNVERIFIED,30,LOW PRIORITY,Entity Distress / Wholesale or Flip,1) Verify at Clark County Assessor; 2) Check NV SOS for LLC status; 3) Pull recorder docs,https://assessor.clarkcountynv.gov/assrapp/assessment/SitePages/showDetail.aspx?apn=125-10-811-011; https://treasurer.clarkcountynv.gov/treasurer-home/real-property-tax-inquiry?apn=125-10-811-011; https://www.clarkcountynv.gov/government/departments/treasurer/delinquent_taxes.php,PARTIAL - APN/Owner/Tax amounts from 2024 Annual Delinquency Publication; address/assessed value require Assessor lookup,+15 Estimated 3+ years delinquent (pen/int ratio); +10 LLC/Corp entity - verify NV SOS status; +5 Multi-parcel owner (6 parcels in 2024 list) | Source: 2024 Clark County Annual Delinquency Publication FY2023-2024
125-10-712-005,UNVERIFIED - check Clark County Assessor,STONERIDGE PARKWAY L L C,UNVERIFIED,UNVERIFIED,3+ years (estimated from penalty/interest ratio),"$34,273.66 (FY2023-2024; taxes $18,805.92 + pen/int $15,371.74 + cost $96.00)",Certificate eligible June 2024 (redemption period per NRS 361),UNVERIFIED - certificate issued June 2024; auction eligibility after 2-year redemption period (~June 2026),UNVERIFIED,UNVERIFIED,UNVERIFIED,UNVERIFIED,UNVERIFIED,LLC/Corp - verify NV SOS,UNVERIFIED,UNVERIFIED,30,LOW PRIORITY,Entity Distress / Wholesale or Flip,1) Verify at Clark County Assessor; 2) Check NV SOS for LLC status; 3) Pull recorder docs,https://assessor.clarkcountynv.gov/assrapp/assessment/SitePages/showDetail.aspx?apn=125-10-712-005; https://treasurer.clarkcountynv.gov/treasurer-home/real-property-tax-inquiry?apn=125-10-712-005; https://www.clarkcountynv.gov/government/departments/treasurer/delinquent_taxes.php,PARTIAL - APN/Owner/Tax amounts from 2024 Annual Delinquency Publication; address/assessed value require Assessor lookup,+15 Estimated 3+ years delinquent (pen/int ratio); +10 LLC/Corp entity - verify NV SOS status; +5 Multi-parcel owner (6 parcels in 2024 list) | Source: 2024 Clark County Annual Delinquency Publication FY2023-2024
162-08-703-012,UNVERIFIED - check Clark County Assessor,BLACKACRE PROPERTIES L L C SERIES E,UNVERIFIED,UNVERIFIED,3+ years (estimated from penalty/interest ratio),"$25,744.37 (FY2023-2024; taxes $19,973.37 + pen/int $5,711.00 + cost $60.00)",Certificate eligible June 2024 (redemption period per NRS 361),UNVERIFIED - certificate issued June 2024; auction eligibility after 2-year redemption period (~June 2026),UNVERIFIED,UNVERIFIED,UNVERIFIED,UNVERIFIED,UNVERIFIED,LLC/Corp - verify NV SOS,UNVERIFIED,UNVERIFIED,30,LOW PRIORITY,Entity Distress / Wholesale or Flip,1) Verify at Clark County Assessor; 2) Check NV SOS for LLC status; 3) Pull recorder docs,https://assessor.clarkcountynv.gov/assrapp/assessment/SitePages/showDetail.aspx?apn=162-08-703-012; https://treasurer.clarkcountynv.gov/treasurer-home/real-property-tax-inquiry?apn=162-08-703-012; https://www.clarkcountynv.gov/government/departments/treasurer/delinquent_taxes.php,PARTIAL - APN/Owner/Tax amounts from 2024 Annual Delinquency Publication; address/assessed value require Assessor lookup,+15 Estimated 3+ years delinquent (pen/int ratio); +10 LLC/Corp entity - verify NV SOS status; +5 Multi-parcel owner (2 parcels in 2024 list) | Source: 2024 Clark County Annual Delinquency Publication FY2023-2024
059-09-301-026,UNVERIFIED - check Clark County Assessor,HAYDENFARLAND L L C,UNVERIFIED,UNVERIFIED,3+ years (estimated from penalty/interest ratio),"$23,158.34 (FY2023-2024; taxes $12,888.77 + pen/int $10,145.57 + cost $124.00)",Certificate eligible June 2024 (redemption period per NRS 361),UNVERIFIED - certificate issued June 2024; auction eligibility after 2-year redemption period (~June 2026),UNVERIFIED,UNVERIFIED,UNVERIFIED,UNVERIFIED,UNVERIFIED,LLC/Corp - verify NV SOS,UNVERIFIED,UNVERIFIED,30,LOW PRIORITY,Entity Distress / Wholesale or Flip,1) Verify at Clark County Assessor; 2) Check NV SOS for LLC status; 3) Pull recorder docs,https://assessor.clarkcountynv.gov/assrapp/assessment/SitePages/showDetail.aspx?apn=059-09-301-026; https://treasurer.clarkcountynv.gov/treasurer-home/real-property-tax-inquiry?apn=059-09-301-026; https://www.clarkcountynv.gov/government/departments/treasurer/delinquent_taxes.php,PARTIAL - APN/Owner/Tax amounts from 2024 Annual Delinquency Publication; address/assessed value require Assessor lookup,+15 Estimated 3+ years delinquent (pen/int ratio); +10 LLC/Corp entity - verify NV SOS status; +5 Multi-parcel owner (6 parcels in 2024 list) | Source: 2024 Clark County Annual Delinquency Publication FY2023-2024
163-32-311-005,UNVERIFIED - check Clark County Assessor,J R S REAL ESTATE L L C SERIES POST,UNVERIFIED,UNVERIFIED,1-2 years (estimated),"$20,272.73 (FY2023-2024; taxes $17,316.23 + pen/int $2,935.50 + cost $21.00)",Certificate eligible June 2024 (redemption period per NRS 361),UNVERIFIED - certificate issued June 2024; auction eligibility after 2-year redemption period (~June 2026),UNVERIFIED,UNVERIFIED,YES - ESTATE signal,POSSIBLE,UNVERIFIED,LLC/Corp - verify NV SOS,UNVERIFIED,UNVERIFIED,30,LOW PRIORITY,Probate Acquisition Target,1) Verify at Clark County Assessor; 2) Check NV SOS for LLC status; 3) Pull recorder docs,https://assessor.clarkcountynv.gov/assrapp/assessment/SitePages/showDetail.aspx?apn=163-32-311-005; https://treasurer.clarkcountynv.gov/treasurer-home/real-property-tax-inquiry?apn=163-32-311-005; https://www.clarkcountynv.gov/government/departments/treasurer/delinquent_taxes.php,PARTIAL - APN/Owner/Tax amounts from 2024 Annual Delinquency Publication; address/assessed value require Assessor lookup,+20 ESTATE/DECEASED signal; +10 LLC/Corp entity - verify NV SOS status | Source: 2024 Clark County Annual Delinquency Publication FY2023-2024
162-31-505-007,UNVERIFIED - check Clark County Assessor,BLACKACRE PROPERTIES L L C SERIES F,UNVERIFIED,UNVERIFIED,3+ years (estimated from penalty/interest ratio),"$17,054.47 (FY2023-2024; taxes $12,915.74 + pen/int $4,078.73 + cost $60.00)",Certificate eligible June 2024 (redemption period per NRS 361),UNVERIFIED - certificate issued June 2024; auction eligibility after 2-year redemption period (~June 2026),UNVERIFIED,UNVERIFIED,UNVERIFIED,UNVERIFIED,UNVERIFIED,LLC/Corp - verify NV SOS,UNVERIFIED,UNVERIFIED,30,LOW PRIORITY,Entity Distress / Wholesale or Flip,1) Verify at Clark County Assessor; 2) Check NV SOS for LLC status; 3) Pull recorder docs,https://assessor.clarkcountynv.gov/assrapp/assessment/SitePages/showDetail.aspx?apn=162-31-505-007; https://treasurer.clarkcountynv.gov/treasurer-home/real-property-tax-inquiry?apn=162-31-505-007; https://www.clarkcountynv.gov/government/departments/treasurer/delinquent_taxes.php,PARTIAL - APN/Owner/Tax amounts from 2024 Annual Delinquency Publication; address/assessed value require Assessor lookup,+15 Estimated 3+ years delinquent (pen/int ratio); +10 LLC/Corp entity - verify NV SOS status; +5 Multi-parcel owner (2 parcels in 2024 list) | Source: 2024 Clark County Annual Delinquency Publication FY2023-2024
162-20-712-196,UNVERIFIED - check Clark County Assessor,BUMBLE ESTATE L L C,UNVERIFIED,UNVERIFIED,Current year or less (FY2023-2024),"$14,558.86 (FY2023-2024; taxes $13,595.20 + pen/int $951.66 + cost $12.00)",Certificate eligible June 2024 (redemption period per NRS 361),UNVERIFIED - certificate issued June 2024; auction eligibility after 2-year redemption period (~June 2026),UNVERIFIED,UNVERIFIED,YES - ESTATE signal,POSSIBLE,UNVERIFIED,LLC/Corp - verify NV SOS,UNVERIFIED,UNVERIFIED,30,LOW PRIORITY,Probate Acquisition Target,1) Verify at Clark County Assessor; 2) Check NV SOS for LLC status; 3) Pull recorder docs,https://assessor.clarkcountynv.gov/assrapp/assessment/SitePages/showDetail.aspx?apn=162-20-712-196; https://treasurer.clarkcountynv.gov/treasurer-home/real-property-tax-inquiry?apn=162-20-712-196; https://www.clarkcountynv.gov/government/departments/treasurer/delinquent_taxes.php,PARTIAL - APN/Owner/Tax amounts from 2024 Annual Delinquency Publication; address/assessed value require Assessor lookup,+20 ESTATE/DECEASED signal; +10 LLC/Corp entity - verify NV SOS status | Source: 2024 Clark County Annual Delinquency Publication FY2023-2024
138-29-210-005,UNVERIFIED - check Clark County Assessor,A Z REAL ESTATE L L C,UNVERIFIED,UNVERIFIED,1-2 years (estimated),"$13,636.35 (FY2023-2024; taxes $12,311.16 + pen/int $1,313.19 + cost $12.00)",Certificate eligible June 2024 (redemption period per NRS 361),UNVERIFIED - certificate issued June 2024; auction eligibility after 2-year redemption period (~June 2026),UNVERIFIED,UNVERIFIED,YES - ESTATE signal,POSSIBLE,UNVERIFIED,LLC/Corp - verify NV SOS,UNVERIFIED,UNVERIFIED,30,LOW PRIORITY,Probate Acquisition Target,1) Verify at Clark County Assessor; 2) Check NV SOS for LLC status; 3) Pull recorder docs,https://assessor.clarkcountynv.gov/assrapp/assessment/SitePages/showDetail.aspx?apn=138-29-210-005; https://treasurer.clarkcountynv.gov/treasurer-home/real-property-tax-inquiry?apn=138-29-210-005; https://www.clarkcountynv.gov/government/departments/treasurer/delinquent_taxes.php,PARTIAL - APN/Owner/Tax amounts from 2024 Annual Delinquency Publication; address/assessed value require Assessor lookup,+20 ESTATE/DECEASED signal; +10 LLC/Corp entity - verify NV SOS status | Source: 2024 Clark County Annual Delinquency Publication FY2023-2024
059-09-301-027,UNVERIFIED - check Clark County Assessor,HAYDENFARLAND L L C,UNVERIFIED,UNVERIFIED,3+ years (estimated from penalty/interest ratio),"$12,198.10 (FY2023-2024; taxes $6,753.42 + pen/int $5,314.68 + cost $130.00)",Certificate eligible June 2024 (redemption period per NRS 361),UNVERIFIED - certificate issued June 2024; auction eligibility after 2-year redemption period (~June 2026),UNVERIFIED,UNVERIFIED,UNVERIFIED,UNVERIFIED,UNVERIFIED,LLC/Corp - verify NV SOS,UNVERIFIED,UNVERIFIED,30,LOW PRIORITY,Entity Distress / Wholesale or Flip,1) Verify at Clark County Assessor; 2) Check NV SOS for LLC status; 3) Pull recorder docs,https://assessor.clarkcountynv.gov/assrapp/assessment/SitePages/showDetail.aspx?apn=059-09-301-027; https://treasurer.clarkcountynv.gov/treasurer-home/real-property-tax-inquiry?apn=059-09-301-027; https://www.clarkcountynv.gov/government/departments/treasurer/delinquent_taxes.php,PARTIAL - APN/Owner/Tax amounts from 2024 Annual Delinquency Publication; address/assessed value require Assessor lookup,+15 Estimated 3+ years delinquent (pen/int ratio); +10 LLC/Corp entity - verify NV SOS status; +5 Multi-parcel owner (6 parcels in 2024 list) | Source: 2024 Clark County Annual Delinquency Publication FY2023-2024
162-05-814-011,UNVERIFIED - check Clark County Assessor,HIGH POINT REALTY GROUP L L C,UNVERIFIED,UNVERIFIED,3+ years (estimated from penalty/interest ratio),"$11,493.16 (FY2023-2024; taxes $8,926.54 + pen/int $2,506.62 + cost $60.00)",Certificate eligible June 2024 (redemption period per NRS 361),UNVERIFIED - certificate issued June 2024; auction eligibility after 2-year redemption period (~June 2026),UNVERIFIED,UNVERIFIED,UNVERIFIED,UNVERIFIED,UNVERIFIED,LLC/Corp - verify NV SOS,UNVERIFIED,UNVERIFIED,30,LOW PRIORITY,Entity Distress / Wholesale or Flip,1) Verify at Clark County Assessor; 2) Check NV SOS for LLC status; 3) Pull recorder docs,https://assessor.clarkcountynv.gov/assrapp/assessment/SitePages/showDetail.aspx?apn=162-05-814-011; https://treasurer.clarkcountynv.gov/treasurer-home/real-property-tax-inquiry?apn=162-05-814-011; https://www.clarkcountynv.gov/government/departments/treasurer/delinquent_taxes.php,PARTIAL - APN/Owner/Tax amounts from 2024 Annual Delinquency Publication; address/assessed value require Assessor lookup,+15 Estimated 3+ years delinquent (pen/int ratio); +10 LLC/Corp entity - verify NV SOS status; +5 Multi-parcel owner (2 parcels in 2024 list) | Source: 2024 Clark County Annual Delinquency Publication FY2023-2024
162-14-510-020,UNVERIFIED - check Clark County Assessor,BLACKACRE PROPERTIES L L C,UNVERIFIED,UNVERIFIED,3+ years (estimated from penalty/interest ratio),"$10,616.67 (FY2023-2024; taxes $8,102.69 + pen/int $2,453.98 + cost $60.00)",Certificate eligible June 2024 (redemption period per NRS 361),UNVERIFIED - certificate issued June 2024; auction eligibility after 2-year redemption period (~June 2026),UNVERIFIED,UNVERIFIED,UNVERIFIED,UNVERIFIED,UNVERIFIED,LLC/Corp - verify NV SOS,UNVERIFIED,UNVERIFIED,30,LOW PRIORITY,Entity Distress / Wholesale or Flip,1) Verify at Clark County Assessor; 2) Check NV SOS for LLC status; 3) Pull recorder docs,https://assessor.clarkcountynv.gov/assrapp/assessment/SitePages/showDetail.aspx?apn=162-14-510-020; https://treasurer.clarkcountynv.gov/treasurer-home/real-property-tax-inquiry?apn=162-14-510-020; https://www.clarkcountynv.gov/government/departments/treasurer/delinquent_taxes.php,PARTIAL - APN/Owner/Tax amounts from 2024 Annual Delinquency Publication; address/assessed value require Assessor lookup,+15 Estimated 3+ years delinquent (pen/int ratio); +10 LLC/Corp entity - verify NV SOS status; +5 Multi-parcel owner (2 parcels in 2024 list) | Source: 2024 Clark County Annual Delinquency Publication FY2023-2024
179-27-607-001,UNVERIFIED - check Clark County Assessor,LATIGO ESTATES L L C,UNVERIFIED,UNVERIFIED,1-2 years (estimated),"$7,554.37 (FY2023-2024; taxes $6,437.00 + pen/int $1,096.37 + cost $21.00)",Certificate eligible June 2024 (redemption period per NRS 361),UNVERIFIED - certificate issued June 2024; auction eligibility after 2-year redemption period (~June 2026),UNVERIFIED,UNVERIFIED,YES - ESTATE signal,POSSIBLE,UNVERIFIED,LLC/Corp - verify NV SOS,UNVERIFIED,UNVERIFIED,30,LOW PRIORITY,Probate Acquisition Target,1) Verify at Clark County Assessor; 2) Check NV SOS for LLC status; 3) Pull recorder docs,https://assessor.clarkcountynv.gov/assrapp/assessment/SitePages/showDetail.aspx?apn=179-27-607-001; https://treasurer.clarkcountynv.gov/treasurer-home/real-property-tax-inquiry?apn=179-27-607-001; https://www.clarkcountynv.gov/government/departments/treasurer/delinquent_taxes.php,PARTIAL - APN/Owner/Tax amounts from 2024 Annual Delinquency Publication; address/assessed value require Assessor lookup,+20 ESTATE/DECEASED signal; +10 LLC/Corp entity - verify NV SOS status | Source: 2024 Clark County Annual Delinquency Publication FY2023-2024
163-12-210-009,UNVERIFIED - check Clark County Assessor,TOTALEE UNLIMITED L L C,UNVERIFIED,UNVERIFIED,3+ years (estimated from penalty/interest ratio),"$5,996.57 (FY2023-2024; taxes $4,761.25 + pen/int $1,214.32 + cost $21.00)",Certificate eligible June 2024 (redemption period per NRS 361),UNVERIFIED - certificate issued June 2024; auction eligibility after 2-year redemption period (~June 2026),UNVERIFIED,UNVERIFIED,UNVERIFIED,UNVERIFIED,UNVERIFIED,LLC/Corp - verify NV SOS,UNVERIFIED,UNVERIFIED,30,LOW PRIORITY,Entity Distress / Wholesale or Flip,1) Verify at Clark County Assessor; 2) Check NV SOS for LLC status; 3) Pull recorder docs,https://assessor.clarkcountynv.gov/assrapp/assessment/SitePages/showDetail.aspx?apn=163-12-210-009; https://treasurer.clarkcountynv.gov/treasurer-home/real-property-tax-inquiry?apn=163-12-210-009; https://www.clarkcountynv.gov/government/departments/treasurer/delinquent_taxes.php,PARTIAL - APN/Owner/Tax amounts from 2024 Annual Delinquency Publication; address/assessed value require Assessor lookup,+15 Estimated 3+ years delinquent (pen/int ratio); +10 LLC/Corp entity - verify NV SOS status; +5 Multi-parcel owner (2 parcels in 2024 list) | Source: 2024 Clark County Annual Delinquency Publication FY2023-2024
162-02-615-015,UNVERIFIED - check Clark County Assessor,HIGH POINT REALTY GROUP L L C,UNVERIFIED,UNVERIFIED,3+ years (estimated from penalty/interest ratio),"$5,653.88 (FY2023-2024; taxes $4,382.06 + pen/int $1,211.82 + cost $60.00)",Certificate eligible June 2024 (redemption period per NRS 361),UNVERIFIED - certificate issued June 2024; auction eligibility after 2-year redemption period (~June 2026),UNVERIFIED,UNVERIFIED,UNVERIFIED,UNVERIFIED,UNVERIFIED,LLC/Corp - verify NV SOS,UNVERIFIED,UNVERIFIED,30,LOW PRIORITY,Entity Distress / Wholesale or Flip,1) Verify at Clark County Assessor; 2) Check NV SOS for LLC status; 3) Pull recorder docs,https://assessor.clarkcountynv.gov/assrapp/assessment/SitePages/showDetail.aspx?apn=162-02-615-015; https://treasurer.clarkcountynv.gov/treasurer-home/real-property-tax-inquiry?apn=162-02-615-015; https://www.clarkcountynv.gov/government/departments/treasurer/delinquent_taxes.php,PARTIAL - APN/Owner/Tax amounts from 2024 Annual Delinquency Publication; address/assessed value require Assessor lookup,+15 Estimated 3+ years delinquent (pen/int ratio); +10 LLC/Corp entity - verify NV SOS status; +5 Multi-parcel owner (2 parcels in 2024 list) | Source: 2024 Clark County Annual Delinquency Publication FY2023-2024
162-01-310-186,UNVERIFIED - check Clark County Assessor,NATIONAL HOLDINGS L L C,UNVERIFIED,UNVERIFIED,3+ years (estimated from penalty/interest ratio),"$4,799.57 (FY2023-2024; taxes $3,765.02 + pen/int $976.55 + cost $58.00)",Certificate eligible June 2024 (redemption period per NRS 361),UNVERIFIED - certificate issued June 2024; auction eligibility after 2-year redemption period (~June 2026),UNVERIFIED,UNVERIFIED,UNVERIFIED,UNVERIFIED,UNVERIFIED,LLC/Corp - verify NV SOS,UNVERIFIED,UNVERIFIED,30,LOW PRIORITY,Entity Distress / Wholesale or Flip,1) Verify at Clark County Assessor; 2) Check NV SOS for LLC status; 3) Pull recorder docs,https://assessor.clarkcountynv.gov/assrapp/assessment/SitePages/showDetail.aspx?apn=162-01-310-186; https://treasurer.clarkcountynv.gov/treasurer-home/real-property-tax-inquiry?apn=162-01-310-186; https://www.clarkcountynv.gov/government/departments/treasurer/delinquent_taxes.php,PARTIAL - APN/Owner/Tax amounts from 2024 Annual Delinquency Publication; address/assessed value require Assessor lookup,+15 Estimated 3+ years delinquent (pen/int ratio); +10 LLC/Corp entity - verify NV SOS status; +5 Multi-parcel owner (2 parcels in 2024 list) | Source: 2024 Clark County Annual Delinquency Publication FY2023-2024
162-01-310-187,UNVERIFIED - check Clark County Assessor,NATIONAL HOLDINGS L L C,UNVERIFIED,UNVERIFIED,3+ years (estimated from penalty/interest ratio),"$3,862.91 (FY2023-2024; taxes $3,014.82 + pen/int $790.09 + cost $58.00)",Certificate eligible June 2024 (redemption period per NRS 361),UNVERIFIED - certificate issued June 2024; auction eligibility after 2-year redemption period (~June 2026),UNVERIFIED,UNVERIFIED,UNVERIFIED,UNVERIFIED,UNVERIFIED,LLC/Corp - verify NV SOS,UNVERIFIED,UNVERIFIED,30,LOW PRIORITY,Entity Distress / Wholesale or Flip,1) Verify at Clark County Assessor; 2) Check NV SOS for LLC status; 3) Pull recorder docs,https://assessor.clarkcountynv.gov/assrapp/assessment/SitePages/showDetail.aspx?apn=162-01-310-187; https://treasurer.clarkcountynv.gov/treasurer-home/real-property-tax-inquiry?apn=162-01-310-187; https://www.clarkcountynv.gov/government/departments/treasurer/delinquent_taxes.php,PARTIAL - APN/Owner/Tax amounts from 2024 Annual Delinquency Publication; address/assessed value require Assessor lookup,+15 Estimated 3+ years delinquent (pen/int ratio); +10 LLC/Corp entity - verify NV SOS status; +5 Multi-parcel owner (2 parcels in 2024 list) | Source: 2024 Clark County Annual Delinquency Publication FY2023-2024
138-36-516-010,UNVERIFIED - check Clark County Assessor,JUNG REAL ESTATE LAS VEGAS L L C,UNVERIFIED,UNVERIFIED,Current year or less (FY2023-2024),"$3,795.21 (FY2023-2024; taxes $3,535.72 + pen/int $247.49 + cost $12.00)",Certificate eligible June 2024 (redemption period per NRS 361),UNVERIFIED - certificate issued June 2024; auction eligibility after 2-year redemption period (~June 2026),UNVERIFIED,UNVERIFIED,YES - ESTATE signal,POSSIBLE,UNVERIFIED,LLC/Corp - verify NV SOS,UNVERIFIED,UNVERIFIED,30,LOW PRIORITY,Probate Acquisition Target,1) Verify at Clark County Assessor; 2) Check NV SOS for LLC status; 3) Pull recorder docs,https://assessor.clarkcountynv.gov/assrapp/assessment/SitePages/showDetail.aspx?apn=138-36-516-010; https://treasurer.clarkcountynv.gov/treasurer-home/real-property-tax-inquiry?apn=138-36-516-010; https://www.clarkcountynv.gov/government/departments/treasurer/delinquent_taxes.php,PARTIAL - APN/Owner/Tax amounts from 2024 Annual Delinquency Publication; address/assessed value require Assessor lookup,+20 ESTATE/DECEASED signal; +10 LLC/Corp entity - verify NV SOS status | Source: 2024 Clark County Annual Delinquency Publication FY2023-2024
059-09-301-028,UNVERIFIED - check Clark County Assessor,HAYDENFARLAND L L C,UNVERIFIED,UNVERIFIED,3+ years (estimated from penalty/interest ratio),"$3,706.80 (FY2023-2024; taxes $2,031.52 + pen/int $1,545.28 + cost $130.00)",Certificate eligible June 2024 (redemption period per NRS 361),UNVERIFIED - certificate issued June 2024; auction eligibility after 2-year redemption period (~June 2026),UNVERIFIED,UNVERIFIED,UNVERIFIED,UNVERIFIED,UNVERIFIED,LLC/Corp - verify NV SOS,UNVERIFIED,UNVERIFIED,30,LOW PRIORITY,Entity Distress / Wholesale or Flip,1) Verify at Clark County Assessor; 2) Check NV SOS for LLC status; 3) Pull recorder docs,https://assessor.clarkcountynv.gov/assrapp/assessment/SitePages/showDetail.aspx?apn=059-09-301-028; https://treasurer.clarkcountynv.gov/treasurer-home/real-property-tax-inquiry?apn=059-09-301-028; https://www.clarkcountynv.gov/government/departments/treasurer/delinquent_taxes.php,PARTIAL - APN/Owner/Tax amounts from 2024 Annual Delinquency Publication; address/assessed value require Assessor lookup,+15 Estimated 3+ years delinquent (pen/int ratio); +10 LLC/Corp entity - verify NV SOS status; +5 Multi-parcel owner (6 parcels in 2024 list) | Source: 2024 Clark County Annual Delinquency Publication FY2023-2024
059-09-301-029,UNVERIFIED - check Clark County Assessor,HAYDENFARLAND L L C,UNVERIFIED,UNVERIFIED,3+ years (estimated from penalty/interest ratio),"$3,706.80 (FY2023-2024; taxes $2,031.52 + pen/int $1,545.28 + cost $130.00)",Certificate eligible June 2024 (redemption period per NRS 361),UNVERIFIED - certificate issued June 2024; auction eligibility after 2-year redemption period (~June 2026),UNVERIFIED,UNVERIFIED,UNVERIFIED,UNVERIFIED,UNVERIFIED,LLC/Corp - verify NV SOS,UNVERIFIED,UNVERIFIED,30,LOW PRIORITY,Entity Distress / Wholesale or Flip,1) Verify at Clark County Assessor; 2) Check NV SOS for LLC status; 3) Pull recorder docs,https://assessor.clarkcountynv.gov/assrapp/assessment/SitePages/showDetail.aspx?apn=059-09-301-029; https://treasurer.clarkcountynv.gov/treasurer-home/real-property-tax-inquiry?apn=059-09-301-029; https://www.clarkcountynv.gov/government/departments/treasurer/delinquent_taxes.php,PARTIAL - APN/Owner/Tax amounts from 2024 Annual Delinquency Publication; address/assessed value require Assessor lookup,+15 Estimated 3+ years delinquent (pen/int ratio); +10 LLC/Corp entity - verify NV SOS status; +5 Multi-parcel owner (6 parcels in 2024 list) | Source: 2024 Clark County Annual Delinquency Publication FY2023-2024
059-09-301-030,UNVERIFIED - check Clark County Assessor,HAYDENFARLAND L L C,UNVERIFIED,UNVERIFIED,3+ years (estimated from penalty/interest ratio),"$3,706.80 (FY2023-2024; taxes $2,031.52 + pen/int $1,545.28 + cost $130.00)",Certificate eligible June 2024 (redemption period per NRS 361),UNVERIFIED - certificate issued June 2024; auction eligibility after 2-year redemption period (~June 2026),UNVERIFIED,UNVERIFIED,UNVERIFIED,UNVERIFIED,UNVERIFIED,LLC/Corp - verify NV SOS,UNVERIFIED,UNVERIFIED,30,LOW PRIORITY,Entity Distress / Wholesale or Flip,1) Verify at Clark County Assessor; 2) Check NV SOS for LLC status; 3) Pull recorder docs,https://assessor.clarkcountynv.gov/assrapp/assessment/SitePages/showDetail.aspx?apn=059-09-301-030; https://treasurer.clarkcountynv.gov/treasurer-home/real-property-tax-inquiry?apn=059-09-301-030; https://www.clarkcountynv.gov/government/departments/treasurer/delinquent_taxes.php,PARTIAL - APN/Owner/Tax amounts from 2024 Annual Delinquency Publication; address/assessed value require Assessor lookup,+15 Estimated 3+ years delinquent (pen/int ratio); +10 LLC/Corp entity - verify NV SOS status; +5 Multi-parcel owner (6 parcels in 2024 list) | Source: 2024 Clark County Annual Delinquency Publication FY2023-2024
059-09-301-031,UNVERIFIED - check Clark County Assessor,HAYDENFARLAND L L C,UNVERIFIED,UNVERIFIED,3+ years (estimated from penalty/interest ratio),"$3,706.80 (FY2023-2024; taxes $2,031.52 + pen/int $1,545.28 + cost $130.00)",Certificate eligible June 2024 (redemption period per NRS 361),UNVERIFIED - certificate issued June 2024; auction eligibility after 2-year redemption period (~June 2026),UNVERIFIED,UNVERIFIED,UNVERIFIED,UNVERIFIED,UNVERIFIED,LLC/Corp - verify NV SOS,UNVERIFIED,UNVERIFIED,30,LOW PRIORITY,Entity Distress / Wholesale or Flip,1) Verify at Clark County Assessor; 2) Check NV SOS for LLC status; 3) Pull recorder docs,https://assessor.clarkcountynv.gov/assrapp/assessment/SitePages/showDetail.aspx?apn=059-09-301-031; https://treasurer.clarkcountynv.gov/treasurer-home/real-property-tax-inquiry?apn=059-09-301-031; https://www.clarkcountynv.gov/government/departments/treasurer/delinquent_taxes.php,PARTIAL - APN/Owner/Tax amounts from 2024 Annual Delinquency Publication; address/assessed value require Assessor lookup,+15 Estimated 3+ years delinquent (pen/int ratio); +10 LLC/Corp entity - verify NV SOS status; +5 Multi-parcel owner (6 parcels in 2024 list) | Source: 2024 Clark County Annual Delinquency Publication FY2023-2024
162-20-213-226,UNVERIFIED - check Clark County Assessor,J G S M REAL ESTATE CORP,UNVERIFIED,UNVERIFIED,Current year or less (FY2023-2024),"$3,386.90 (FY2023-2024; taxes $3,154.12 + pen/int $220.78 + cost $12.00)",Certificate eligible June 2024 (redemption period per NRS 361),UNVERIFIED - certificate issued June 2024; auction eligibility after 2-year redemption period (~June 2026),UNVERIFIED,UNVERIFIED,YES - ESTATE signal,POSSIBLE,UNVERIFIED,LLC/Corp - verify NV SOS,UNVERIFIED,UNVERIFIED,30,LOW PRIORITY,Probate Acquisition Target,1) Verify at Clark County Assessor; 2) Check NV SOS for LLC status; 3) Pull recorder docs,https://assessor.clarkcountynv.gov/assrapp/assessment/SitePages/showDetail.aspx?apn=162-20-213-226; https://treasurer.clarkcountynv.gov/treasurer-home/real-property-tax-inquiry?apn=162-20-213-226; https://www.clarkcountynv.gov/government/departments/treasurer/delinquent_taxes.php,PARTIAL - APN/Owner/Tax amounts from 2024 Annual Delinquency Publication; address/assessed value require Assessor lookup,+20 ESTATE/DECEASED signal; +10 LLC/Corp entity - verify NV SOS status | Source: 2024 Clark County Annual Delinquency Publication FY2023-2024
162-16-115-520,UNVERIFIED - check Clark County Assessor,MAUDRI REAL ESTATE L L C,UNVERIFIED,UNVERIFIED,1-2 years (estimated),"$2,843.65 (FY2023-2024; taxes $2,462.13 + pen/int $369.52 + cost $12.00)",Certificate eligible June 2024 (redemption period per NRS 361),UNVERIFIED - certificate issued June 2024; auction eligibility after 2-year redemption period (~June 2026),UNVERIFIED,UNVERIFIED,YES - ESTATE signal,POSSIBLE,UNVERIFIED,LLC/Corp - verify NV SOS,UNVERIFIED,UNVERIFIED,30,LOW PRIORITY,Probate Acquisition Target,1) Verify at Clark County Assessor; 2) Check NV SOS for LLC status; 3) Pull recorder docs,https://assessor.clarkcountynv.gov/assrapp/assessment/SitePages/showDetail.aspx?apn=162-16-115-520; https://treasurer.clarkcountynv.gov/treasurer-home/real-property-tax-inquiry?apn=162-16-115-520; https://www.clarkcountynv.gov/government/departments/treasurer/delinquent_taxes.php,PARTIAL - APN/Owner/Tax amounts from 2024 Annual Delinquency Publication; address/assessed value require Assessor lookup,+20 ESTATE/DECEASED signal; +10 LLC/Corp entity - verify NV SOS status | Source: 2024 Clark County Annual Delinquency Publication FY2023-2024
177-17-510-089,UNVERIFIED - check Clark County Assessor,SPECTRA REAL ESTATE INVESTMENT L L C,UNVERIFIED,UNVERIFIED,1-2 years (estimated),"$2,709.42 (FY2023-2024; taxes $2,345.41 + pen/int $352.01 + cost $12.00)",Certificate eligible June 2024 (redemption period per NRS 361),UNVERIFIED - certificate issued June 2024; auction eligibility after 2-year redemption period (~June 2026),UNVERIFIED,UNVERIFIED,YES - ESTATE signal,POSSIBLE,UNVERIFIED,LLC/Corp - verify NV SOS,UNVERIFIED,UNVERIFIED,30,LOW PRIORITY,Probate Acquisition Target,1) Verify at Clark County Assessor; 2) Check NV SOS for LLC status; 3) Pull recorder docs,https://assessor.clarkcountynv.gov/assrapp/assessment/SitePages/showDetail.aspx?apn=177-17-510-089; https://treasurer.clarkcountynv.gov/treasurer-home/real-property-tax-inquiry?apn=177-17-510-089; https://www.clarkcountynv.gov/government/departments/treasurer/delinquent_taxes.php,PARTIAL - APN/Owner/Tax amounts from 2024 Annual Delinquency Publication; address/assessed value require Assessor lookup,+20 ESTATE/DECEASED signal; +10 LLC/Corp entity - verify NV SOS status | Source: 2024 Clark County Annual Delinquency Publication FY2023-2024
162-15-810-011,UNVERIFIED - check Clark County Assessor,LITEX-COMMERCE INC,UNVERIFIED,UNVERIFIED,3+ years (estimated from penalty/interest ratio),"$2,678.07 (FY2023-2024; taxes $2,025.18 + pen/int $585.89 + cost $67.00)",Certificate eligible June 2024 (redemption period per NRS 361),UNVERIFIED - certificate issued June 2024; auction eligibility after 2-year redemption period (~June 2026),UNVERIFIED,UNVERIFIED,UNVERIFIED,UNVERIFIED,UNVERIFIED,LLC/Corp - verify NV SOS,UNVERIFIED,UNVERIFIED,30,LOW PRIORITY,Entity Distress / Wholesale or Flip,1) Verify at Clark County Assessor; 2) Check NV SOS for LLC status; 3) Pull recorder docs,https://assessor.clarkcountynv.gov/assrapp/assessment/SitePages/showDetail.aspx?apn=162-15-810-011; https://treasurer.clarkcountynv.gov/treasurer-home/real-property-tax-inquiry?apn=162-15-810-011; https://www.clarkcountynv.gov/government/departments/treasurer/delinquent_taxes.php,PARTIAL - APN/Owner/Tax amounts from 2024 Annual Delinquency Publication; address/assessed value require Assessor lookup,+15 Estimated 3+ years delinquent (pen/int ratio); +10 LLC/Corp entity - verify NV SOS status; +5 Multi-parcel owner (3 parcels in 2024 list) | Source: 2024 Clark County Annual Delinquency Publication FY2023-2024
164-31-501-001,UNVERIFIED - check Clark County Assessor,GYPSUM RESOURCES L L C,UNVERIFIED,UNVERIFIED,3+ years (estimated from penalty/interest ratio),"$2,513.17 (FY2023-2024; taxes $1,944.28 + pen/int $547.89 + cost $21.00)",Certificate eligible June 2024 (redemption period per NRS 361),UNVERIFIED - certificate issued June 2024; auction eligibility after 2-year redemption period (~June 2026),UNVERIFIED,UNVERIFIED,UNVERIFIED,UNVERIFIED,UNVERIFIED,LLC/Corp - verify NV SOS,UNVERIFIED,UNVERIFIED,30,LOW PRIORITY,Entity Distress / Wholesale or Flip,1) Verify at Clark County Assessor; 2) Check NV SOS for LLC status; 3) Pull recorder docs,https://assessor.clarkcountynv.gov/assrapp/assessment/SitePages/showDetail.aspx?apn=164-31-501-001; https://treasurer.clarkcountynv.gov/treasurer-home/real-property-tax-inquiry?apn=164-31-501-001; https://www.clarkcountynv.gov/government/departments/treasurer/delinquent_taxes.php,PARTIAL - APN/Owner/Tax amounts from 2024 Annual Delinquency Publication; address/assessed value require Assessor lookup,+15 Estimated 3+ years delinquent (pen/int ratio); +10 LLC/Corp entity - verify NV SOS status; +5 Multi-parcel owner (8 parcels in 2024 list) | Source: 2024 Clark County Annual Delinquency Publication FY2023-2024
138-03-814-031,UNVERIFIED - check Clark County Assessor,M J REAL ESTATE INVESTMENTS L L C,UNVERIFIED,UNVERIFIED,1-2 years (estimated),"$2,368.69 (FY2023-2024; taxes $1,910.24 + pen/int $437.45 + cost $21.00)",Certificate eligible June 2024 (redemption period per NRS 361),UNVERIFIED - certificate issued June 2024; auction eligibility after 2-year redemption period (~June 2026),UNVERIFIED,UNVERIFIED,YES - ESTATE signal,POSSIBLE,UNVERIFIED,LLC/Corp - verify NV SOS,UNVERIFIED,UNVERIFIED,30,LOW PRIORITY,Probate Acquisition Target,1) Verify at Clark County Assessor; 2) Check NV SOS for LLC status; 3) Pull recorder docs,https://assessor.clarkcountynv.gov/assrapp/assessment/SitePages/showDetail.aspx?apn=138-03-814-031; https://treasurer.clarkcountynv.gov/treasurer-home/real-property-tax-inquiry?apn=138-03-814-031; https://www.clarkcountynv.gov/government/departments/treasurer/delinquent_taxes.php,PARTIAL - APN/Owner/Tax amounts from 2024 Annual Delinquency Publication; address/assessed value require Assessor lookup,+20 ESTATE/DECEASED signal; +10 LLC/Corp entity - verify NV SOS status | Source: 2024 Clark County Annual Delinquency Publication FY2023-2024
138-13-710-054,UNVERIFIED - check Clark County Assessor,A S M J ACQUISITIONS L L C,UNVERIFIED,UNVERIFIED,3+ years (estimated from penalty/interest ratio),"$2,256.46 (FY2023-2024; taxes $1,420.10 + pen/int $741.36 + cost $95.00)",Certificate eligible June 2024 (redemption period per NRS 361),UNVERIFIED - certificate issued June 2024; auction eligibility after 2-year redemption period (~June 2026),UNVERIFIED,UNVERIFIED,UNVERIFIED,UNVERIFIED,UNVERIFIED,LLC/Corp - verify NV SOS,UNVERIFIED,UNVERIFIED,30,LOW PRIORITY,Entity Distress / Wholesale or Flip,1) Verify at Clark County Assessor; 2) Check NV SOS for LLC status; 3) Pull recorder docs,https://assessor.clarkcountynv.gov/assrapp/assessment/SitePages/showDetail.aspx?apn=138-13-710-054; https://treasurer.clarkcountynv.gov/treasurer-home/real-property-tax-inquiry?apn=138-13-710-054; https://www.clarkcountynv.gov/government/departments/treasurer/delinquent_taxes.php,PARTIAL - APN/Owner/Tax amounts from 2024 Annual Delinquency Publication; address/assessed value require Assessor lookup,+15 Estimated 3+ years delinquent (pen/int ratio); +10 LLC/Corp entity - verify NV SOS status; +5 Multi-parcel owner (3 parcels in 2024 list) | Source: 2024 Clark County Annual Delinquency Publication FY2023-2024
138-13-710-055,UNVERIFIED - check Clark County Assessor,A S M J ACQUISITIONS L L C,UNVERIFIED,UNVERIFIED,3+ years (estimated from penalty/interest ratio),"$2,243.46 (FY2023-2024; taxes $1,420.10 + pen/int $741.36 + cost $82.00)",Certificate eligible June 2024 (redemption period per NRS 361),UNVERIFIED - certificate issued June 2024; auction eligibility after 2-year redemption period (~June 2026),UNVERIFIED,UNVERIFIED,UNVERIFIED,UNVERIFIED,UNVERIFIED,LLC/Corp - verify NV SOS,UNVERIFIED,UNVERIFIED,30,LOW PRIORITY,Entity Distress / Wholesale or Flip,1) Verify at Clark County Assessor; 2) Check NV SOS for LLC status; 3) Pull recorder docs,https://assessor.clarkcountynv.gov/assrapp/assessment/SitePages/showDetail.aspx?apn=138-13-710-055; https://treasurer.clarkcountynv.gov/treasurer-home/real-property-tax-inquiry?apn=138-13-710-055; https://www.clarkcountynv.gov/government/departments/treasurer/delinquent_taxes.php,PARTIAL - APN/Owner/Tax amounts from 2024 Annual Delinquency Publication; address/assessed value require Assessor lookup,+15 Estimated 3+ years delinquent (pen/int ratio); +10 LLC/Corp entity - verify NV SOS status; +5 Multi-parcel owner (3 parcels in 2024 list) | Source: 2024 Clark County Annual Delinquency Publication FY2023-2024
138-13-710-056,UNVERIFIED - check Clark County Assessor,A S M J ACQUISITIONS L L C,UNVERIFIED,UNVERIFIED,3+ years (estimated from penalty/interest ratio),"$2,243.46 (FY2023-2024; taxes $1,420.10 + pen/int $741.36 + cost $82.00)",Certificate eligible June 2024 (redemption period per NRS 361),UNVERIFIED - certificate issued June 2024; auction eligibility after 2-year redemption period (~June 2026),UNVERIFIED,UNVERIFIED,UNVERIFIED,UNVERIFIED,UNVERIFIED,LLC/Corp - verify NV SOS,UNVERIFIED,UNVERIFIED,30,LOW PRIORITY,Entity Distress / Wholesale or Flip,1) Verify at Clark County Assessor; 2) Check NV SOS for LLC status; 3) Pull recorder docs,https://assessor.clarkcountynv.gov/assrapp/assessment/SitePages/showDetail.aspx?apn=138-13-710-056; https://treasurer.clarkcountynv.gov/treasurer-home/real-property-tax-inquiry?apn=138-13-710-056; https://www.clarkcountynv.gov/government/departments/treasurer/delinquent_taxes.php,PARTIAL - APN/Owner/Tax amounts from 2024 Annual Delinquency Publication; address/assessed value require Assessor lookup,+15 Estimated 3+ years delinquent (pen/int ratio); +10 LLC/Corp entity - verify NV SOS status; +5 Multi-parcel owner (3 parcels in 2024 list) | Source: 2024 Clark County Annual Delinquency Publication FY2023-2024
162-23-410-093,UNVERIFIED - check Clark County Assessor,BLACKACRE PROPERTIES L L C,UNVERIFIED,UNVERIFIED,3+ years (estimated from penalty/interest ratio),"$1,838.87 (FY2023-2024; taxes $1,383.78 + pen/int $395.09 + cost $60.00)",Certificate eligible June 2024 (redemption period per NRS 361),UNVERIFIED - certificate issued June 2024; auction eligibility after 2-year redemption period (~June 2026),UNVERIFIED,UNVERIFIED,UNVERIFIED,UNVERIFIED,UNVERIFIED,LLC/Corp - verify NV SOS,UNVERIFIED,UNVERIFIED,30,LOW PRIORITY,Entity Distress / Wholesale or Flip,1) Verify at Clark County Assessor; 2) Check NV SOS for LLC status; 3) Pull recorder docs,https://assessor.clarkcountynv.gov/assrapp/assessment/SitePages/showDetail.aspx?apn=162-23-410-093; https://treasurer.clarkcountynv.gov/treasurer-home/real-property-tax-inquiry?apn=162-23-410-093; https://www.clarkcountynv.gov/government/departments/treasurer/delinquent_taxes.php,PARTIAL - APN/Owner/Tax amounts from 2024 Annual Delinquency Publication; address/assessed value require Assessor lookup,+15 Estimated 3+ years delinquent (pen/int ratio); +10 LLC/Corp entity - verify NV SOS status; +5 Multi-parcel owner (2 parcels in 2024 list) | Source: 2024 Clark County Annual Delinquency Publication FY2023-2024
177-20-810-018,UNVERIFIED - check Clark County Assessor,RED POT REAL ESTATE L L C,UNVERIFIED,UNVERIFIED,1-2 years (estimated),"$1,830.45 (FY2023-2024; taxes $1,581.06 + pen/int $237.39 + cost $12.00)",Certificate eligible June 2024 (redemption period per NRS 361),UNVERIFIED - certificate issued June 2024; auction eligibility after 2-year redemption period (~June 2026),UNVERIFIED,UNVERIFIED,YES - ESTATE signal,POSSIBLE,UNVERIFIED,LLC/Corp - verify NV SOS,UNVERIFIED,UNVERIFIED,30,LOW PRIORITY,Probate Acquisition Target,1) Verify at Clark County Assessor; 2) Check NV SOS for LLC status; 3) Pull recorder docs,https://assessor.clarkcountynv.gov/assrapp/assessment/SitePages/showDetail.aspx?apn=177-20-810-018; https://treasurer.clarkcountynv.gov/treasurer-home/real-property-tax-inquiry?apn=177-20-810-018; https://www.clarkcountynv.gov/government/departments/treasurer/delinquent_taxes.php,PARTIAL - APN/Owner/Tax amounts from 2024 Annual Delinquency Publication; address/assessed value require Assessor lookup,+20 ESTATE/DECEASED signal; +10 LLC/Corp entity - verify NV SOS status | Source: 2024 Clark County Annual Delinquency Publication FY2023-2024
163-33-612-013,UNVERIFIED - check Clark County Assessor,K M REAL ESTATE L L C,UNVERIFIED,UNVERIFIED,Current year or less (FY2023-2024),"$1,696.16 (FY2023-2024; taxes $1,573.98 + pen/int $110.18 + cost $12.00)",Certificate eligible June 2024 (redemption period per NRS 361),UNVERIFIED - certificate issued June 2024; auction eligibility after 2-year redemption period (~June 2026),UNVERIFIED,UNVERIFIED,YES - ESTATE signal,POSSIBLE,UNVERIFIED,LLC/Corp - verify NV SOS,UNVERIFIED,UNVERIFIED,30,LOW PRIORITY,Probate Acquisition Target,1) Verify at Clark County Assessor; 2) Check NV SOS for LLC status; 3) Pull recorder docs,https://assessor.clarkcountynv.gov/assrapp/assessment/SitePages/showDetail.aspx?apn=163-33-612-013; https://treasurer.clarkcountynv.gov/treasurer-home/real-property-tax-inquiry?apn=163-33-612-013; https://www.clarkcountynv.gov/government/departments/treasurer/delinquent_taxes.php,PARTIAL - APN/Owner/Tax amounts from 2024 Annual Delinquency Publication; address/assessed value require Assessor lookup,+20 ESTATE/DECEASED signal; +10 LLC/Corp entity - verify NV SOS status | Source: 2024 Clark County Annual Delinquency Publication FY2023-2024
177-12-410-092,UNVERIFIED - check Clark County Assessor,VEGAS VALLEY REAL ESTATE L L C,UNVERIFIED,UNVERIFIED,1-2 years (estimated),"$1,689.10 (FY2023-2024; taxes $1,357.84 + pen/int $310.26 + cost $21.00)",Certificate eligible June 2024 (redemption period per NRS 361),UNVERIFIED - certificate issued June 2024; auction eligibility after 2-year redemption period (~June 2026),UNVERIFIED,UNVERIFIED,YES - ESTATE signal,POSSIBLE,UNVERIFIED,LLC/Corp - verify NV SOS,UNVERIFIED,UNVERIFIED,30,LOW PRIORITY,Probate Acquisition Target,1) Verify at Clark County Assessor; 2) Check NV SOS for LLC status; 3) Pull recorder docs,https://assessor.clarkcountynv.gov/assrapp/assessment/SitePages/showDetail.aspx?apn=177-12-410-092; https://treasurer.clarkcountynv.gov/treasurer-home/real-property-tax-inquiry?apn=177-12-410-092; https://www.clarkcountynv.gov/government/departments/treasurer/delinquent_taxes.php,PARTIAL - APN/Owner/Tax amounts from 2024 Annual Delinquency Publication; address/assessed value require Assessor lookup,+20 ESTATE/DECEASED signal; +10 LLC/Corp entity - verify NV SOS status | Source: 2024 Clark County Annual Delinquency Publication FY2023-2024
162-07-512-009,UNVERIFIED - check Clark County Assessor,HERBS & RYE INC,UNVERIFIED,UNVERIFIED,3+ years (estimated from penalty/interest ratio),"$1,470.17 (FY2023-2024; taxes $1,096.81 + pen/int $313.36 + cost $60.00)",Certificate eligible June 2024 (redemption period per NRS 361),UNVERIFIED - certificate issued June 2024; auction eligibility after 2-year redemption period (~June 2026),UNVERIFIED,UNVERIFIED,UNVERIFIED,UNVERIFIED,UNVERIFIED,LLC/Corp - verify NV SOS,UNVERIFIED,UNVERIFIED,30,LOW PRIORITY,Entity Distress / Wholesale or Flip,1) Verify at Clark County Assessor; 2) Check NV SOS for LLC status; 3) Pull recorder docs,https://assessor.clarkcountynv.gov/assrapp/assessment/SitePages/showDetail.aspx?apn=162-07-512-009; https://treasurer.clarkcountynv.gov/treasurer-home/real-property-tax-inquiry?apn=162-07-512-009; https://www.clarkcountynv.gov/government/departments/treasurer/delinquent_taxes.php,PARTIAL - APN/Owner/Tax amounts from 2024 Annual Delinquency Publication; address/assessed value require Assessor lookup,+15 Estimated 3+ years delinquent (pen/int ratio); +10 LLC/Corp entity - verify NV SOS status; +5 Multi-parcel owner (2 parcels in 2024 list) | Source: 2024 Clark County Annual Delinquency Publication FY2023-2024
163-05-813-048,UNVERIFIED - check Clark County Assessor,LEAD REAL ESTATE INC,UNVERIFIED,UNVERIFIED,Current year or less (FY2023-2024),"$1,456.35 (FY2023-2024; taxes $1,374.51 + pen/int $69.84 + cost $12.00)",Certificate eligible June 2024 (redemption period per NRS 361),UNVERIFIED - certificate issued June 2024; auction eligibility after 2-year redemption period (~June 2026),UNVERIFIED,UNVERIFIED,YES - ESTATE signal,POSSIBLE,UNVERIFIED,LLC/Corp - verify NV SOS,UNVERIFIED,UNVERIFIED,30,LOW PRIORITY,Probate Acquisition Target,1) Verify at Clark County Assessor; 2) Check NV SOS for LLC status; 3) Pull recorder docs,https://assessor.clarkcountynv.gov/assrapp/assessment/SitePages/showDetail.aspx?apn=163-05-813-048; https://treasurer.clarkcountynv.gov/treasurer-home/real-property-tax-inquiry?apn=163-05-813-048; https://www.clarkcountynv.gov/government/departments/treasurer/delinquent_taxes.php,PARTIAL - APN/Owner/Tax amounts from 2024 Annual Delinquency Publication; address/assessed value require Assessor lookup,+20 ESTATE/DECEASED signal; +10 LLC/Corp entity - verify NV SOS status | Source: 2024 Clark County Annual Delinquency Publication FY2023-2024
139-32-405-020,UNVERIFIED - check Clark County Assessor,CALDERON FAMILY REAL ESTATE L L C,UNVERIFIED,UNVERIFIED,Current year or less (FY2023-2024),"$1,375.91 (FY2023-2024; taxes $1,311.45 + pen/int $52.46 + cost $12.00)",Certificate eligible June 2024 (redemption period per NRS 361),UNVERIFIED - certificate issued June 2024; auction eligibility after 2-year redemption period (~June 2026),UNVERIFIED,UNVERIFIED,YES - ESTATE signal,POSSIBLE,UNVERIFIED,LLC/Corp - verify NV SOS,UNVERIFIED,UNVERIFIED,30,LOW PRIORITY,Probate Acquisition Target,1) Verify at Clark County Assessor; 2) Check NV SOS for LLC status; 3) Pull recorder docs,https://assessor.clarkcountynv.gov/assrapp/assessment/SitePages/showDetail.aspx?apn=139-32-405-020; https://treasurer.clarkcountynv.gov/treasurer-home/real-property-tax-inquiry?apn=139-32-405-020; https://www.clarkcountynv.gov/government/departments/treasurer/delinquent_taxes.php,PARTIAL - APN/Owner/Tax amounts from 2024 Annual Delinquency Publication; address/assessed value require Assessor lookup,+20 ESTATE/DECEASED signal; +10 LLC/Corp entity - verify NV SOS status | Source: 2024 Clark County Annual Delinquency Publication FY2023-2024
161-19-316-012,UNVERIFIED - check Clark County Assessor,INSIGHTFUL READ ESTATE INVESTMENT L L C,UNVERIFIED,UNVERIFIED,Current year or less (FY2023-2024),"$1,339.24 (FY2023-2024; taxes $1,240.41 + pen/int $86.83 + cost $12.00)",Certificate eligible June 2024 (redemption period per NRS 361),UNVERIFIED - certificate issued June 2024; auction eligibility after 2-year redemption period (~June 2026),UNVERIFIED,UNVERIFIED,YES - ESTATE signal,POSSIBLE,UNVERIFIED,LLC/Corp - verify NV SOS,UNVERIFIED,UNVERIFIED,30,LOW PRIORITY,Probate Acquisition Target,1) Verify at Clark County Assessor; 2) Check NV SOS for LLC status; 3) Pull recorder docs,https://assessor.clarkcountynv.gov/assrapp/assessment/SitePages/showDetail.aspx?apn=161-19-316-012; https://treasurer.clarkcountynv.gov/treasurer-home/real-property-tax-inquiry?apn=161-19-316-012; https://www.clarkcountynv.gov/government/departments/treasurer/delinquent_taxes.php,PARTIAL - APN/Owner/Tax amounts from 2024 Annual Delinquency Publication; address/assessed value require Assessor lookup,+20 ESTATE/DECEASED signal; +10 LLC/Corp entity - verify NV SOS status | Source: 2024 Clark County Annual Delinquency Publication FY2023-2024
202-25-101-006,UNVERIFIED - check Clark County Assessor,SKY RANCH HOLDINGS L L C,UNVERIFIED,UNVERIFIED,3+ years (estimated from penalty/interest ratio),"$1,235.11 (FY2023-2024; taxes $911.43 + pen/int $259.68 + cost $64.00)",Certificate eligible June 2024 (redemption period per NRS 361),UNVERIFIED - certificate issued June 2024; auction eligibility after 2-year redemption period (~June 2026),UNVERIFIED,UNVERIFIED,UNVERIFIED,UNVERIFIED,UNVERIFIED,LLC/Corp - verify NV SOS,UNVERIFIED,UNVERIFIED,30,LOW PRIORITY,Entity Distress / Wholesale or Flip,1) Verify at Clark County Assessor; 2) Check NV SOS for LLC status; 3) Pull recorder docs,https://assessor.clarkcountynv.gov/assrapp/assessment/SitePages/showDetail.aspx?apn=202-25-101-006; https://treasurer.clarkcountynv.gov/treasurer-home/real-property-tax-inquiry?apn=202-25-101-006; https://www.clarkcountynv.gov/government/departments/treasurer/delinquent_taxes.php,PARTIAL - APN/Owner/Tax amounts from 2024 Annual Delinquency Publication; address/assessed value require Assessor lookup,+15 Estimated 3+ years delinquent (pen/int ratio); +10 LLC/Corp entity - verify NV SOS status; +5 Multi-parcel owner (16 parcels in 2024 list) | Source: 2024 Clark County Annual Delinquency Publication FY2023-2024
162-03-213-022,UNVERIFIED - check Clark County Assessor,INSIGHTFUL REAL ESTATE INVESTMENT L L C,UNVERIFIED,UNVERIFIED,Current year or less (FY2023-2024),"$1,112.69 (FY2023-2024; taxes $1,028.68 + pen/int $72.01 + cost $12.00)",Certificate eligible June 2024 (redemption period per NRS 361),UNVERIFIED - certificate issued June 2024; auction eligibility after 2-year redemption period (~June 2026),UNVERIFIED,UNVERIFIED,YES - ESTATE signal,POSSIBLE,UNVERIFIED,LLC/Corp - verify NV SOS,UNVERIFIED,UNVERIFIED,30,LOW PRIORITY,Probate Acquisition Target,1) Verify at Clark County Assessor; 2) Check NV SOS for LLC status; 3) Pull recorder docs,https://assessor.clarkcountynv.gov/assrapp/assessment/SitePages/showDetail.aspx?apn=162-03-213-022; https://treasurer.clarkcountynv.gov/treasurer-home/real-property-tax-inquiry?apn=162-03-213-022; https://www.clarkcountynv.gov/government/departments/treasurer/delinquent_taxes.php,PARTIAL - APN/Owner/Tax amounts from 2024 Annual Delinquency Publication; address/assessed value require Assessor lookup,+20 ESTATE/DECEASED signal; +10 LLC/Corp entity - verify NV SOS status | Source: 2024 Clark County Annual Delinquency Publication FY2023-2024
124-30-814-039,UNVERIFIED - check Clark County Assessor,S P N ESTATES L L C,UNVERIFIED,UNVERIFIED,Current year or less (FY2023-2024),$948.52 (FY2023-2024; taxes $900.50 + pen/int $36.02 + cost $12.00),Certificate eligible June 2024 (redemption period per NRS 361),UNVERIFIED - certificate issued June 2024; auction eligibility after 2-year redemption period (~June 2026),UNVERIFIED,UNVERIFIED,YES - ESTATE signal,POSSIBLE,UNVERIFIED,LLC/Corp - verify NV SOS,UNVERIFIED,UNVERIFIED,30,LOW PRIORITY,Probate Acquisition Target,1) Verify at Clark County Assessor; 2) Check NV SOS for LLC status; 3) Pull recorder docs,https://assessor.clarkcountynv.gov/assrapp/assessment/SitePages/showDetail.aspx?apn=124-30-814-039; https://treasurer.clarkcountynv.gov/treasurer-home/real-property-tax-inquiry?apn=124-30-814-039; https://www.clarkcountynv.gov/government/departments/treasurer/delinquent_taxes.php,PARTIAL - APN/Owner/Tax amounts from 2024 Annual Delinquency Publication; address/assessed value require Assessor lookup,+20 ESTATE/DECEASED signal; +10 LLC/Corp entity - verify NV SOS status | Source: 2024 Clark County Annual Delinquency Publication FY2023-2024
163-09-211-010,UNVERIFIED - check Clark County Assessor,RITZ ESTATES L L C,UNVERIFIED,UNVERIFIED,Current year or less (FY2023-2024),$887.69 (FY2023-2024; taxes $818.40 + pen/int $57.29 + cost $12.00),Certificate eligible June 2024 (redemption period per NRS 361),UNVERIFIED - certificate issued June 2024; auction eligibility after 2-year redemption period (~June 2026),UNVERIFIED,UNVERIFIED,YES - ESTATE signal,POSSIBLE,UNVERIFIED,LLC/Corp - verify NV SOS,UNVERIFIED,UNVERIFIED,30,LOW PRIORITY,Probate Acquisition Target,1) Verify at Clark County Assessor; 2) Check NV SOS for LLC status; 3) Pull recorder docs,https://assessor.clarkcountynv.gov/assrapp/assessment/SitePages/showDetail.aspx?apn=163-09-211-010; https://treasurer.clarkcountynv.gov/treasurer-home/real-property-tax-inquiry?apn=163-09-211-010; https://www.clarkcountynv.gov/government/departments/treasurer/delinquent_taxes.php,PARTIAL - APN/Owner/Tax amounts from 2024 Annual Delinquency Publication; address/assessed value require Assessor lookup,+20 ESTATE/DECEASED signal; +10 LLC/Corp entity - verify NV SOS status | Source: 2024 Clark County Annual Delinquency Publication FY2023-2024
163-26-110-810,UNVERIFIED - check Clark County Assessor,ALFAN ESTATES L L C,UNVERIFIED,UNVERIFIED,1-2 years (estimated),$817.09 (FY2023-2024; taxes $697.60 + pen/int $107.49 + cost $12.00),Certificate eligible June 2024 (redemption period per NRS 361),UNVERIFIED - certificate issued June 2024; auction eligibility after 2-year redemption period (~June 2026),UNVERIFIED,UNVERIFIED,YES - ESTATE signal,POSSIBLE,UNVERIFIED,LLC/Corp - verify NV SOS,UNVERIFIED,UNVERIFIED,30,LOW PRIORITY,Probate Acquisition Target,1) Verify at Clark County Assessor; 2) Check NV SOS for LLC status; 3) Pull recorder docs,https://assessor.clarkcountynv.gov/assrapp/assessment/SitePages/showDetail.aspx?apn=163-26-110-810; https://treasurer.clarkcountynv.gov/treasurer-home/real-property-tax-inquiry?apn=163-26-110-810; https://www.clarkcountynv.gov/government/departments/treasurer/delinquent_taxes.php,PARTIAL - APN/Owner/Tax amounts from 2024 Annual Delinquency Publication; address/assessed value require Assessor lookup,+20 ESTATE/DECEASED signal; +10 LLC/Corp entity - verify NV SOS status | Source: 2024 Clark County Annual Delinquency Publication FY2023-2024
138-25-411-035,UNVERIFIED - check Clark County Assessor,REDFORD ESTATES L L C,UNVERIFIED,UNVERIFIED,1-2 years (estimated),$698.14 (FY2023-2024; taxes $586.90 + pen/int $99.24 + cost $12.00),Certificate eligible June 2024 (redemption period per NRS 361),UNVERIFIED - certificate issued June 2024; auction eligibility after 2-year redemption period (~June 2026),UNVERIFIED,UNVERIFIED,YES - ESTATE signal,POSSIBLE,UNVERIFIED,LLC/Corp - verify NV SOS,UNVERIFIED,UNVERIFIED,30,LOW PRIORITY,Probate Acquisition Target,1) Verify at Clark County Assessor; 2) Check NV SOS for LLC status; 3) Pull recorder docs,https://assessor.clarkcountynv.gov/assrapp/assessment/SitePages/showDetail.aspx?apn=138-25-411-035; https://treasurer.clarkcountynv.gov/treasurer-home/real-property-tax-inquiry?apn=138-25-411-035; https://www.clarkcountynv.gov/government/departments/treasurer/delinquent_taxes.php,PARTIAL - APN/Owner/Tax amounts from 2024 Annual Delinquency Publication; address/assessed value require Assessor lookup,+20 ESTATE/DECEASED signal; +10 LLC/Corp entity - verify NV SOS status | Source: 2024 Clark County Annual Delinquency Publication FY2023-2024
162-14-710-069,UNVERIFIED - check Clark County Assessor,HORIZON REAL ESTATE L L C,UNVERIFIED,UNVERIFIED,Current year or less (FY2023-2024),$427.52 (FY2023-2024; taxes $395.74 + pen/int $19.78 + cost $12.00),Certificate eligible June 2024 (redemption period per NRS 361),UNVERIFIED - certificate issued June 2024; auction eligibility after 2-year redemption period (~June 2026),UNVERIFIED,UNVERIFIED,YES - ESTATE signal,POSSIBLE,UNVERIFIED,LLC/Corp - verify NV SOS,UNVERIFIED,UNVERIFIED,30,LOW PRIORITY,Probate Acquisition Target,1) Verify at Clark County Assessor; 2) Check NV SOS for LLC status; 3) Pull recorder docs,https://assessor.clarkcountynv.gov/assrapp/assessment/SitePages/showDetail.aspx?apn=162-14-710-069; https://treasurer.clarkcountynv.gov/treasurer-home/real-property-tax-inquiry?apn=162-14-710-069; https://www.clarkcountynv.gov/government/departments/treasurer/delinquent_taxes.php,PARTIAL - APN/Owner/Tax amounts from 2024 Annual Delinquency Publication; address/assessed value require Assessor lookup,+20 ESTATE/DECEASED signal; +10 LLC/Corp entity - verify NV SOS status | Source: 2024 Clark County Annual Delinquency Publication FY2023-2024
163-20-520-014,UNVERIFIED - check Clark County Assessor,Z B ESTATE L L C,UNVERIFIED,UNVERIFIED,Current year or less (FY2023-2024),$424.98 (FY2023-2024; taxes $385.96 + pen/int $27.02 + cost $12.00),Certificate eligible June 2024 (redemption period per NRS 361),UNVERIFIED - certificate issued June 2024; auction eligibility after 2-year redemption period (~June 2026),UNVERIFIED,UNVERIFIED,YES - ESTATE signal,POSSIBLE,UNVERIFIED,LLC/Corp - verify NV SOS,UNVERIFIED,UNVERIFIED,30,LOW PRIORITY,Probate Acquisition Target,1) Verify at Clark County Assessor; 2) Check NV SOS for LLC status; 3) Pull recorder docs,https://assessor.clarkcountynv.gov/assrapp/assessment/SitePages/showDetail.aspx?apn=163-20-520-014; https://treasurer.clarkcountynv.gov/treasurer-home/real-property-tax-inquiry?apn=163-20-520-014; https://www.clarkcountynv.gov/government/departments/treasurer/delinquent_taxes.php,PARTIAL - APN/Owner/Tax amounts from 2024 Annual Delinquency Publication; address/assessed value require Assessor lookup,+20 ESTATE/DECEASED signal; +10 LLC/Corp entity - verify NV SOS status | Source: 2024 Clark County Annual Delinquency Publication FY2023-2024
219-05-610-004,UNVERIFIED - check Clark County Assessor,NEW DESERT VISTA L L C,UNVERIFIED,UNVERIFIED,3+ years (estimated from penalty/interest ratio),$281.28 (FY2023-2024; taxes $197.78 + pen/int $62.50 + cost $21.00),Certificate eligible June 2024 (redemption period per NRS 361),UNVERIFIED - certificate issued June 2024; auction eligibility after 2-year redemption period (~June 2026),UNVERIFIED,UNVERIFIED,UNVERIFIED,UNVERIFIED,UNVERIFIED,LLC/Corp - verify NV SOS,UNVERIFIED,UNVERIFIED,30,LOW PRIORITY,Entity Distress / Wholesale or Flip,1) Verify at Clark County Assessor; 2) Check NV SOS for LLC status; 3) Pull recorder docs,https://assessor.clarkcountynv.gov/assrapp/assessment/SitePages/showDetail.aspx?apn=219-05-610-004; https://treasurer.clarkcountynv.gov/treasurer-home/real-property-tax-inquiry?apn=219-05-610-004; https://www.clarkcountynv.gov/government/departments/treasurer/delinquent_taxes.php,PARTIAL - APN/Owner/Tax amounts from 2024 Annual Delinquency Publication; address/assessed value require Assessor lookup,+15 Estimated 3+ years delinquent (pen/int ratio); +10 LLC/Corp entity - verify NV SOS status; +5 Multi-parcel owner (5 parcels in 2024 list) | Source: 2024 Clark County Annual Delinquency Publication FY2023-2024
175-08-601-003,UNVERIFIED - check Clark County Assessor,GYPSUM RESOURCES L L C,UNVERIFIED,UNVERIFIED,3+ years (estimated from penalty/interest ratio),$218.64 (FY2023-2024; taxes $150.23 + pen/int $47.41 + cost $21.00),Certificate eligible June 2024 (redemption period per NRS 361),UNVERIFIED - certificate issued June 2024; auction eligibility after 2-year redemption period (~June 2026),UNVERIFIED,UNVERIFIED,UNVERIFIED,UNVERIFIED,UNVERIFIED,LLC/Corp - verify NV SOS,UNVERIFIED,UNVERIFIED,30,LOW PRIORITY,Entity Distress / Wholesale or Flip,1) Verify at Clark County Assessor; 2) Check NV SOS for LLC status; 3) Pull recorder docs,https://assessor.clarkcountynv.gov/assrapp/assessment/SitePages/showDetail.aspx?apn=175-08-601-003; https://treasurer.clarkcountynv.gov/treasurer-home/real-property-tax-inquiry?apn=175-08-601-003; https://www.clarkcountynv.gov/government/departments/treasurer/delinquent_taxes.php,PARTIAL - APN/Owner/Tax amounts from 2024 Annual Delinquency Publication; address/assessed value require Assessor lookup,+15 Estimated 3+ years delinquent (pen/int ratio); +10 LLC/Corp entity - verify NV SOS status; +5 Multi-parcel owner (8 parcels in 2024 list) | Source: 2024 Clark County Annual Delinquency Publication FY2023-2024
140-16-310-034,UNVERIFIED - check Clark County Assessor,ALKAY LTD INC,UNVERIFIED,UNVERIFIED,3+ years (estimated from penalty/interest ratio),$140.79 (FY2023-2024; taxes $19.42 + pen/int $21.37 + cost $100.00),Certificate eligible June 2024 (redemption period per NRS 361),UNVERIFIED - certificate issued June 2024; auction eligibility after 2-year redemption period (~June 2026),UNVERIFIED,UNVERIFIED,UNVERIFIED,UNVERIFIED,UNVERIFIED,LLC/Corp - verify NV SOS,UNVERIFIED,UNVERIFIED,30,LOW PRIORITY,Entity Distress / Wholesale or Flip,1) Verify at Clark County Assessor; 2) Check NV SOS for LLC status; 3) Pull recorder docs,https://assessor.clarkcountynv.gov/assrapp/assessment/SitePages/showDetail.aspx?apn=140-16-310-034; https://treasurer.clarkcountynv.gov/treasurer-home/real-property-tax-inquiry?apn=140-16-310-034; https://www.clarkcountynv.gov/government/departments/treasurer/delinquent_taxes.php,PARTIAL - APN/Owner/Tax amounts from 2024 Annual Delinquency Publication; address/assessed value require Assessor lookup,+15 Estimated 3+ years delinquent (pen/int ratio); +10 LLC/Corp entity - verify NV SOS status; +5 Multi-parcel owner (2 parcels in 2024 list) | Source: 2024 Clark County Annual Delinquency Publication FY2023-2024
140-16-310-039,UNVERIFIED - check Clark County Assessor,ALKAY LTD INC,UNVERIFIED,UNVERIFIED,3+ years (estimated from penalty/interest ratio),$140.79 (FY2023-2024; taxes $19.42 + pen/int $21.37 + cost $100.00),Certificate eligible June 2024 (redemption period per NRS 361),UNVERIFIED - certificate issued June 2024; auction eligibility after 2-year redemption period (~June 2026),UNVERIFIED,UNVERIFIED,UNVERIFIED,UNVERIFIED,UNVERIFIED,LLC/Corp - verify NV SOS,UNVERIFIED,UNVERIFIED,30,LOW PRIORITY,Entity Distress / Wholesale or Flip,1) Verify at Clark County Assessor; 2) Check NV SOS for LLC status; 3) Pull recorder docs,https://assessor.clarkcountynv.gov/assrapp/assessment/SitePages/showDetail.aspx?apn=140-16-310-039; https://treasurer.clarkcountynv.gov/treasurer-home/real-property-tax-inquiry?apn=140-16-310-039; https://www.clarkcountynv.gov/government/departments/treasurer/delinquent_taxes.php,PARTIAL - APN/Owner/Tax amounts from 2024 Annual Delinquency Publication; address/assessed value require Assessor lookup,+15 Estimated 3+ years delinquent (pen/int ratio); +10 LLC/Corp entity - verify NV SOS status; +5 Multi-parcel owner (2 parcels in 2024 list) | Source: 2024 Clark County Annual Delinquency Publication FY2023-2024
163-18-414-013,UNVERIFIED - check Clark County Assessor,ORIGINS REAL ESTATE INVESTMENT L L C,UNVERIFIED,UNVERIFIED,Current year or less (FY2023-2024),$112.63 (FY2023-2024; taxes $96.76 + pen/int $3.87 + cost $12.00),Certificate eligible June 2024 (redemption period per NRS 361),UNVERIFIED - certificate issued June 2024; auction eligibility after 2-year redemption period (~June 2026),UNVERIFIED,UNVERIFIED,YES - ESTATE signal,POSSIBLE,UNVERIFIED,LLC/Corp - verify NV SOS,UNVERIFIED,UNVERIFIED,30,LOW PRIORITY,Probate Acquisition Target,1) Verify at Clark County Assessor; 2) Check NV SOS for LLC status; 3) Pull recorder docs,https://assessor.clarkcountynv.gov/assrapp/assessment/SitePages/showDetail.aspx?apn=163-18-414-013; https://treasurer.clarkcountynv.gov/treasurer-home/real-property-tax-inquiry?apn=163-18-414-013; https://www.clarkcountynv.gov/government/departments/treasurer/delinquent_taxes.php,PARTIAL - APN/Owner/Tax amounts from 2024 Annual Delinquency Publication; address/assessed value require Assessor lookup,+20 ESTATE/DECEASED signal; +10 LLC/Corp entity - verify NV SOS status | Source: 2024 Clark County Annual Delinquency Publication FY2023-2024
176-05-113-007,UNVERIFIED - check Clark County Assessor,SUNSET MEDICAL REAL ESTATE L L C,UNVERIFIED,UNVERIFIED,Current year or less (FY2023-2024),$71.58 (FY2023-2024; taxes $57.29 + pen/int $2.29 + cost $12.00),Certificate eligible June 2024 (redemption period per NRS 361),UNVERIFIED - certificate issued June 2024; auction eligibility after 2-year redemption period (~June 2026),UNVERIFIED,UNVERIFIED,YES - ESTATE signal,POSSIBLE,UNVERIFIED,LLC/Corp - verify NV SOS,UNVERIFIED,UNVERIFIED,30,LOW PRIORITY,Probate Acquisition Target,1) Verify at Clark County Assessor; 2) Check NV SOS for LLC status; 3) Pull recorder docs,https://assessor.clarkcountynv.gov/assrapp/assessment/SitePages/showDetail.aspx?apn=176-05-113-007; https://treasurer.clarkcountynv.gov/treasurer-home/real-property-tax-inquiry?apn=176-05-113-007; https://www.clarkcountynv.gov/government/departments/treasurer/delinquent_taxes.php,PARTIAL - APN/Owner/Tax amounts from 2024 Annual Delinquency Publication; address/assessed value require Assessor lookup,+20 ESTATE/DECEASED signal; +10 LLC/Corp entity - verify NV SOS status | Source: 2024 Clark County Annual Delinquency Publication FY2023-2024
219-05-401-007,UNVERIFIED - check Clark County Assessor,GLENVIEW HOLDINGS L L C,UNVERIFIED,UNVERIFIED,3+ years (estimated from penalty/interest ratio),$52.43 (FY2023-2024; taxes $23.88 + pen/int $7.55 + cost $21.00),Certificate eligible June 2024 (redemption period per NRS 361),UNVERIFIED - certificate issued June 2024; auction eligibility after 2-year redemption period (~June 2026),UNVERIFIED,UNVERIFIED,UNVERIFIED,UNVERIFIED,UNVERIFIED,LLC/Corp - verify NV SOS,UNVERIFIED,UNVERIFIED,30,LOW PRIORITY,Entity Distress / Wholesale or Flip,1) Verify at Clark County Assessor; 2) Check NV SOS for LLC status; 3) Pull recorder docs,https://assessor.clarkcountynv.gov/assrapp/assessment/SitePages/showDetail.aspx?apn=219-05-401-007; https://treasurer.clarkcountynv.gov/treasurer-home/real-property-tax-inquiry?apn=219-05-401-007; https://www.clarkcountynv.gov/government/departments/treasurer/delinquent_taxes.php,PARTIAL - APN/Owner/Tax amounts from 2024 Annual Delinquency Publication; address/assessed value require Assessor lookup,+15 Estimated 3+ years delinquent (pen/int ratio); +10 LLC/Corp entity - verify NV SOS status; +5 Multi-parcel owner (8 parcels in 2024 list) | Source: 2024 Clark County Annual Delinquency Publication FY2023-2024
163-11-810-003,UNVERIFIED - check Clark County Assessor,LAS VEGAS KOREAN COMMUNITY CHURCH INC,UNVERIFIED,UNVERIFIED,3+ years (estimated from penalty/interest ratio),"$33,522.54 (FY2023-2024; taxes $24,847.99 + pen/int $8,607.55 + cost $67.00)",Certificate eligible June 2024 (redemption period per NRS 361),UNVERIFIED - certificate issued June 2024; auction eligibility after 2-year redemption period (~June 2026),UNVERIFIED,UNVERIFIED,UNVERIFIED,UNVERIFIED,UNVERIFIED,LLC/Corp - verify NV SOS,UNVERIFIED,UNVERIFIED,25,LOW PRIORITY,Entity Distress / Wholesale or Flip,1) Verify at Clark County Assessor; 2) Check NV SOS for LLC status; 3) Pull recorder docs,https://assessor.clarkcountynv.gov/assrapp/assessment/SitePages/showDetail.aspx?apn=163-11-810-003; https://treasurer.clarkcountynv.gov/treasurer-home/real-property-tax-inquiry?apn=163-11-810-003; https://www.clarkcountynv.gov/government/departments/treasurer/delinquent_taxes.php,PARTIAL - APN/Owner/Tax amounts from 2024 Annual Delinquency Publication; address/assessed value require Assessor lookup,+15 Estimated 3+ years delinquent (pen/int ratio); +10 LLC/Corp entity - verify NV SOS status | Source: 2024 Clark County Annual Delinquency Publication FY2023-2024
124-26-101-011,UNVERIFIED - check Clark County Assessor,5TH & REGINA L L C,UNVERIFIED,UNVERIFIED,3+ years (estimated from penalty/interest ratio),"$23,645.23 (FY2023-2024; taxes $17,430.42 + pen/int $6,193.81 + cost $21.00)",Certificate eligible June 2024 (redemption period per NRS 361),UNVERIFIED - certificate issued June 2024; auction eligibility after 2-year redemption period (~June 2026),UNVERIFIED,UNVERIFIED,UNVERIFIED,UNVERIFIED,UNVERIFIED,LLC/Corp - verify NV SOS,UNVERIFIED,UNVERIFIED,25,LOW PRIORITY,Entity Distress / Wholesale or Flip,1) Verify at Clark County Assessor; 2) Check NV SOS for LLC status; 3) Pull recorder docs,https://assessor.clarkcountynv.gov/assrapp/assessment/SitePages/showDetail.aspx?apn=124-26-101-011; https://treasurer.clarkcountynv.gov/treasurer-home/real-property-tax-inquiry?apn=124-26-101-011; https://www.clarkcountynv.gov/government/departments/treasurer/delinquent_taxes.php,PARTIAL - APN/Owner/Tax amounts from 2024 Annual Delinquency Publication; address/assessed value require Assessor lookup,+15 Estimated 3+ years delinquent (pen/int ratio); +10 LLC/Corp entity - verify NV SOS status | Source: 2024 Clark County Annual Delinquency Publication FY2023-2024
161-18-510-025,UNVERIFIED - check Clark County Assessor,T F DEVELOPMENT L L C,UNVERIFIED,UNVERIFIED,3+ years (estimated from penalty/interest ratio),"$15,035.80 (FY2023-2024; taxes $9,523.94 + pen/int $5,431.86 + cost $80.00)",Certificate eligible June 2024 (redemption period per NRS 361),UNVERIFIED - certificate issued June 2024; auction eligibility after 2-year redemption period (~June 2026),UNVERIFIED,UNVERIFIED,UNVERIFIED,UNVERIFIED,UNVERIFIED,LLC/Corp - verify NV SOS,UNVERIFIED,UNVERIFIED,25,LOW PRIORITY,Entity Distress / Wholesale or Flip,1) Verify at Clark County Assessor; 2) Check NV SOS for LLC status; 3) Pull recorder docs,https://assessor.clarkcountynv.gov/assrapp/assessment/SitePages/showDetail.aspx?apn=161-18-510-025; https://treasurer.clarkcountynv.gov/treasurer-home/real-property-tax-inquiry?apn=161-18-510-025; https://www.clarkcountynv.gov/government/departments/treasurer/delinquent_taxes.php,PARTIAL - APN/Owner/Tax amounts from 2024 Annual Delinquency Publication; address/assessed value require Assessor lookup,+15 Estimated 3+ years delinquent (pen/int ratio); +10 LLC/Corp entity - verify NV SOS status | Source: 2024 Clark County Annual Delinquency Publication FY2023-2024
139-26-508-016,UNVERIFIED - check Clark County Assessor,SEARLES OZ LAND L L C,UNVERIFIED,UNVERIFIED,3+ years (estimated from penalty/interest ratio),"$13,702.36 (FY2023-2024; taxes $10,481.93 + pen/int $3,153.43 + cost $67.00)",Certificate eligible June 2024 (redemption period per NRS 361),UNVERIFIED - certificate issued June 2024; auction eligibility after 2-year redemption period (~June 2026),UNVERIFIED,UNVERIFIED,UNVERIFIED,UNVERIFIED,UNVERIFIED,LLC/Corp - verify NV SOS,UNVERIFIED,UNVERIFIED,25,LOW PRIORITY,Entity Distress / Wholesale or Flip,1) Verify at Clark County Assessor; 2) Check NV SOS for LLC status; 3) Pull recorder docs,https://assessor.clarkcountynv.gov/assrapp/assessment/SitePages/showDetail.aspx?apn=139-26-508-016; https://treasurer.clarkcountynv.gov/treasurer-home/real-property-tax-inquiry?apn=139-26-508-016; https://www.clarkcountynv.gov/government/departments/treasurer/delinquent_taxes.php,PARTIAL - APN/Owner/Tax amounts from 2024 Annual Delinquency Publication; address/assessed value require Assessor lookup,+15 Estimated 3+ years delinquent (pen/int ratio); +10 LLC/Corp entity - verify NV SOS status | Source: 2024 Clark County Annual Delinquency Publication FY2023-2024
125-16-513-061,UNVERIFIED - check Clark County Assessor,SATICOY BAY L L C,UNVERIFIED,UNVERIFIED,3+ years (estimated from penalty/interest ratio),"$12,471.61 (FY2023-2024; taxes $8,993.22 + pen/int $3,418.39 + cost $60.00)",Certificate eligible June 2024 (redemption period per NRS 361),UNVERIFIED - certificate issued June 2024; auction eligibility after 2-year redemption period (~June 2026),UNVERIFIED,UNVERIFIED,UNVERIFIED,UNVERIFIED,UNVERIFIED,LLC/Corp - verify NV SOS,UNVERIFIED,UNVERIFIED,25,LOW PRIORITY,Entity Distress / Wholesale or Flip,1) Verify at Clark County Assessor; 2) Check NV SOS for LLC status; 3) Pull recorder docs,https://assessor.clarkcountynv.gov/assrapp/assessment/SitePages/showDetail.aspx?apn=125-16-513-061; https://treasurer.clarkcountynv.gov/treasurer-home/real-property-tax-inquiry?apn=125-16-513-061; https://www.clarkcountynv.gov/government/departments/treasurer/delinquent_taxes.php,PARTIAL - APN/Owner/Tax amounts from 2024 Annual Delinquency Publication; address/assessed value require Assessor lookup,+15 Estimated 3+ years delinquent (pen/int ratio); +10 LLC/Corp entity - verify NV SOS status | Source: 2024 Clark County Annual Delinquency Publication FY2023-2024
139-24-210-269,UNVERIFIED - check Clark County Assessor,ROYAL STOP L L C,UNVERIFIED,UNVERIFIED,3+ years (estimated from penalty/interest ratio),"$11,271.75 (FY2023-2024; taxes $8,617.92 + pen/int $2,602.83 + cost $51.00)",Certificate eligible June 2024 (redemption period per NRS 361),UNVERIFIED - certificate issued June 2024; auction eligibility after 2-year redemption period (~June 2026),UNVERIFIED,UNVERIFIED,UNVERIFIED,UNVERIFIED,UNVERIFIED,LLC/Corp - verify NV SOS,UNVERIFIED,UNVERIFIED,25,LOW PRIORITY,Entity Distress / Wholesale or Flip,1) Verify at Clark County Assessor; 2) Check NV SOS for LLC status; 3) Pull recorder docs,https://assessor.clarkcountynv.gov/assrapp/assessment/SitePages/showDetail.aspx?apn=139-24-210-269; https://treasurer.clarkcountynv.gov/treasurer-home/real-property-tax-inquiry?apn=139-24-210-269; https://www.clarkcountynv.gov/government/departments/treasurer/delinquent_taxes.php,PARTIAL - APN/Owner/Tax amounts from 2024 Annual Delinquency Publication; address/assessed value require Assessor lookup,+15 Estimated 3+ years delinquent (pen/int ratio); +10 LLC/Corp entity - verify NV SOS status | Source: 2024 Clark County Annual Delinquency Publication FY2023-2024
124-20-410-112,UNVERIFIED - check Clark County Assessor,C W A B S INC ASSET-BACKED CERTIFICATES,UNVERIFIED,UNVERIFIED,3+ years (estimated from penalty/interest ratio),"$10,588.08 (FY2023-2024; taxes $8,250.12 + pen/int $2,312.96 + cost $25.00)",Certificate eligible June 2024 (redemption period per NRS 361),UNVERIFIED - certificate issued June 2024; auction eligibility after 2-year redemption period (~June 2026),UNVERIFIED,UNVERIFIED,UNVERIFIED,UNVERIFIED,UNVERIFIED,LLC/Corp - verify NV SOS,UNVERIFIED,UNVERIFIED,25,LOW PRIORITY,Entity Distress / Wholesale or Flip,1) Verify at Clark County Assessor; 2) Check NV SOS for LLC status; 3) Pull recorder docs,https://assessor.clarkcountynv.gov/assrapp/assessment/SitePages/showDetail.aspx?apn=124-20-410-112; https://treasurer.clarkcountynv.gov/treasurer-home/real-property-tax-inquiry?apn=124-20-410-112; https://www.clarkcountynv.gov/government/departments/treasurer/delinquent_taxes.php,PARTIAL - APN/Owner/Tax amounts from 2024 Annual Delinquency Publication; address/assessed value require Assessor lookup,+15 Estimated 3+ years delinquent (pen/int ratio); +10 LLC/Corp entity - verify NV SOS status | Source: 2024 Clark County Annual Delinquency Publication FY2023-2024
124-33-415-033,UNVERIFIED - check Clark County Assessor,GOLDBERG KERSHEN & ALTMANN L L C,UNVERIFIED,UNVERIFIED,3+ years (estimated from penalty/interest ratio),"$9,657.70 (FY2023-2024; taxes $6,922.26 + pen/int $2,675.44 + cost $60.00)",Certificate eligible June 2024 (redemption period per NRS 361),UNVERIFIED - certificate issued June 2024; auction eligibility after 2-year redemption period (~June 2026),UNVERIFIED,UNVERIFIED,UNVERIFIED,UNVERIFIED,UNVERIFIED,LLC/Corp - verify NV SOS,UNVERIFIED,UNVERIFIED,25,LOW PRIORITY,Entity Distress / Wholesale or Flip,1) Verify at Clark County Assessor; 2) Check NV SOS for LLC status; 3) Pull recorder docs,https://assessor.clarkcountynv.gov/assrapp/assessment/SitePages/showDetail.aspx?apn=124-33-415-033; https://treasurer.clarkcountynv.gov/treasurer-home/real-property-tax-inquiry?apn=124-33-415-033; https://www.clarkcountynv.gov/government/departments/treasurer/delinquent_taxes.php,PARTIAL - APN/Owner/Tax amounts from 2024 Annual Delinquency Publication; address/assessed value require Assessor lookup,+15 Estimated 3+ years delinquent (pen/int ratio); +10 LLC/Corp entity - verify NV SOS status | Source: 2024 Clark County Annual Delinquency Publication FY2023-2024
179-18-214-058,UNVERIFIED - check Clark County Assessor,BELLA HOSPITALITY GROUP L L C,UNVERIFIED,UNVERIFIED,3+ years (estimated from penalty/interest ratio),"$8,331.54 (FY2023-2024; taxes $6,087.40 + pen/int $2,223.14 + cost $21.00)",Certificate eligible June 2024 (redemption period per NRS 361),UNVERIFIED - certificate issued June 2024; auction eligibility after 2-year redemption period (~June 2026),UNVERIFIED,UNVERIFIED,UNVERIFIED,UNVERIFIED,UNVERIFIED,LLC/Corp - verify NV SOS,UNVERIFIED,UNVERIFIED,25,LOW PRIORITY,Entity Distress / Wholesale or Flip,1) Verify at Clark County Assessor; 2) Check NV SOS for LLC status; 3) Pull recorder docs,https://assessor.clarkcountynv.gov/assrapp/assessment/SitePages/showDetail.aspx?apn=179-18-214-058; https://treasurer.clarkcountynv.gov/treasurer-home/real-property-tax-inquiry?apn=179-18-214-058; https://www.clarkcountynv.gov/government/departments/treasurer/delinquent_taxes.php,PARTIAL - APN/Owner/Tax amounts from 2024 Annual Delinquency Publication; address/assessed value require Assessor lookup,+15 Estimated 3+ years delinquent (pen/int ratio); +10 LLC/Corp entity - verify NV SOS status | Source: 2024 Clark County Annual Delinquency Publication FY2023-2024
140-31-412-039,UNVERIFIED - check Clark County Assessor,BLACKACRE PPTYS L L C-SERIES D,UNVERIFIED,UNVERIFIED,3+ years (estimated from penalty/interest ratio),"$4,531.66 (FY2023-2024; taxes $3,556.78 + pen/int $914.88 + cost $60.00)",Certificate eligible June 2024 (redemption period per NRS 361),UNVERIFIED - certificate issued June 2024; auction eligibility after 2-year redemption period (~June 2026),UNVERIFIED,UNVERIFIED,UNVERIFIED,UNVERIFIED,UNVERIFIED,LLC/Corp - verify NV SOS,UNVERIFIED,UNVERIFIED,25,LOW PRIORITY,Entity Distress / Wholesale or Flip,1) Verify at Clark County Assessor; 2) Check NV SOS for LLC status; 3) Pull recorder docs,https://assessor.clarkcountynv.gov/assrapp/assessment/SitePages/showDetail.aspx?apn=140-31-412-039; https://treasurer.clarkcountynv.gov/treasurer-home/real-property-tax-inquiry?apn=140-31-412-039; https://www.clarkcountynv.gov/government/departments/treasurer/delinquent_taxes.php,PARTIAL - APN/Owner/Tax amounts from 2024 Annual Delinquency Publication; address/assessed value require Assessor lookup,+15 Estimated 3+ years delinquent (pen/int ratio); +10 LLC/Corp entity - verify NV SOS status | Source: 2024 Clark County Annual Delinquency Publication FY2023-2024
179-18-214-057,UNVERIFIED - check Clark County Assessor,BELLA HOSPITALLITY GROUP L L C,UNVERIFIED,UNVERIFIED,3+ years (estimated from penalty/interest ratio),"$3,325.43 (FY2023-2024; taxes $2,524.86 + pen/int $779.57 + cost $21.00)",Certificate eligible June 2024 (redemption period per NRS 361),UNVERIFIED - certificate issued June 2024; auction eligibility after 2-year redemption period (~June 2026),UNVERIFIED,UNVERIFIED,UNVERIFIED,UNVERIFIED,UNVERIFIED,LLC/Corp - verify NV SOS,UNVERIFIED,UNVERIFIED,25,LOW PRIORITY,Entity Distress / Wholesale or Flip,1) Verify at Clark County Assessor; 2) Check NV SOS for LLC status; 3) Pull recorder docs,https://assessor.clarkcountynv.gov/assrapp/assessment/SitePages/showDetail.aspx?apn=179-18-214-057; https://treasurer.clarkcountynv.gov/treasurer-home/real-property-tax-inquiry?apn=179-18-214-057; https://www.clarkcountynv.gov/government/departments/treasurer/delinquent_taxes.php,PARTIAL - APN/Owner/Tax amounts from 2024 Annual Delinquency Publication; address/assessed value require Assessor lookup,+15 Estimated 3+ years delinquent (pen/int ratio); +10 LLC/Corp entity - verify NV SOS status | Source: 2024 Clark County Annual Delinquency Publication FY2023-2024
162-18-614-033,UNVERIFIED - check Clark County Assessor,NOBLE HOUSE INVESTMENTS FIRM L L C,UNVERIFIED,UNVERIFIED,3+ years (estimated from penalty/interest ratio),"$2,381.53 (FY2023-2024; taxes $1,806.08 + pen/int $515.45 + cost $60.00)",Certificate eligible June 2024 (redemption period per NRS 361),UNVERIFIED - certificate issued June 2024; auction eligibility after 2-year redemption period (~June 2026),UNVERIFIED,UNVERIFIED,UNVERIFIED,UNVERIFIED,UNVERIFIED,LLC/Corp - verify NV SOS,UNVERIFIED,UNVERIFIED,25,LOW PRIORITY,Entity Distress / Wholesale or Flip,1) Verify at Clark County Assessor; 2) Check NV SOS for LLC status; 3) Pull recorder docs,https://assessor.clarkcountynv.gov/assrapp/assessment/SitePages/showDetail.aspx?apn=162-18-614-033; https://treasurer.clarkcountynv.gov/treasurer-home/real-property-tax-inquiry?apn=162-18-614-033; https://www.clarkcountynv.gov/government/departments/treasurer/delinquent_taxes.php,PARTIAL - APN/Owner/Tax amounts from 2024 Annual Delinquency Publication; address/assessed value require Assessor lookup,+15 Estimated 3+ years delinquent (pen/int ratio); +10 LLC/Corp entity - verify NV SOS status | Source: 2024 Clark County Annual Delinquency Publication FY2023-2024
176-24-110-002,UNVERIFIED - check Clark County Assessor,B D PARCEL HOLDINGS L L C,UNVERIFIED,UNVERIFIED,3+ years (estimated from penalty/interest ratio),"$2,319.37 (FY2023-2024; taxes $1,804.18 + pen/int $471.19 + cost $44.00)",Certificate eligible June 2024 (redemption period per NRS 361),UNVERIFIED - certificate issued June 2024; auction eligibility after 2-year redemption period (~June 2026),UNVERIFIED,UNVERIFIED,UNVERIFIED,UNVERIFIED,UNVERIFIED,LLC/Corp - verify NV SOS,UNVERIFIED,UNVERIFIED,25,LOW PRIORITY,Entity Distress / Wholesale or Flip,1) Verify at Clark County Assessor; 2) Check NV SOS for LLC status; 3) Pull recorder docs,https://assessor.clarkcountynv.gov/assrapp/assessment/SitePages/showDetail.aspx?apn=176-24-110-002; https://treasurer.clarkcountynv.gov/treasurer-home/real-property-tax-inquiry?apn=176-24-110-002; https://www.clarkcountynv.gov/government/departments/treasurer/delinquent_taxes.php,PARTIAL - APN/Owner/Tax amounts from 2024 Annual Delinquency Publication; address/assessed value require Assessor lookup,+15 Estimated 3+ years delinquent (pen/int ratio); +10 LLC/Corp entity - verify NV SOS status | Source: 2024 Clark County Annual Delinquency Publication FY2023-2024
177-12-501-009,UNVERIFIED - check Clark County Assessor,PECOS DEVELOPMENT L L C,UNVERIFIED,UNVERIFIED,3+ years (estimated from penalty/interest ratio),"$1,836.41 (FY2023-2024; taxes $1,235.32 + pen/int $532.09 + cost $69.00)",Certificate eligible June 2024 (redemption period per NRS 361),UNVERIFIED - certificate issued June 2024; auction eligibility after 2-year redemption period (~June 2026),UNVERIFIED,UNVERIFIED,UNVERIFIED,UNVERIFIED,UNVERIFIED,LLC/Corp - verify NV SOS,UNVERIFIED,UNVERIFIED,25,LOW PRIORITY,Entity Distress / Wholesale or Flip,1) Verify at Clark County Assessor; 2) Check NV SOS for LLC status; 3) Pull recorder docs,https://assessor.clarkcountynv.gov/assrapp/assessment/SitePages/showDetail.aspx?apn=177-12-501-009; https://treasurer.clarkcountynv.gov/treasurer-home/real-property-tax-inquiry?apn=177-12-501-009; https://www.clarkcountynv.gov/government/departments/treasurer/delinquent_taxes.php,PARTIAL - APN/Owner/Tax amounts from 2024 Annual Delinquency Publication; address/assessed value require Assessor lookup,+15 Estimated 3+ years delinquent (pen/int ratio); +10 LLC/Corp entity - verify NV SOS status | Source: 2024 Clark County Annual Delinquency Publication FY2023-2024
001-09-401-030,UNVERIFIED - check Clark County Assessor,MESQUITE VENTURE I L L C,UNVERIFIED,UNVERIFIED,3+ years (estimated from penalty/interest ratio),"$1,679.16 (FY2023-2024; taxes $933.54 + pen/int $646.62 + cost $99.00)",Certificate eligible June 2024 (redemption period per NRS 361),UNVERIFIED - certificate issued June 2024; auction eligibility after 2-year redemption period (~June 2026),UNVERIFIED,UNVERIFIED,UNVERIFIED,UNVERIFIED,UNVERIFIED,LLC/Corp - verify NV SOS,UNVERIFIED,UNVERIFIED,25,LOW PRIORITY,Entity Distress / Wholesale or Flip,1) Verify at Clark County Assessor; 2) Check NV SOS for LLC status; 3) Pull recorder docs,https://assessor.clarkcountynv.gov/assrapp/assessment/SitePages/showDetail.aspx?apn=001-09-401-030; https://treasurer.clarkcountynv.gov/treasurer-home/real-property-tax-inquiry?apn=001-09-401-030; https://www.clarkcountynv.gov/government/departments/treasurer/delinquent_taxes.php,PARTIAL - APN/Owner/Tax amounts from 2024 Annual Delinquency Publication; address/assessed value require Assessor lookup,+15 Estimated 3+ years delinquent (pen/int ratio); +10 LLC/Corp entity - verify NV SOS status | Source: 2024 Clark County Annual Delinquency Publication FY2023-2024
177-34-701-006,UNVERIFIED - check Clark County Assessor,HEARTBURN ALLEY L L C,UNVERIFIED,UNVERIFIED,3+ years (estimated from penalty/interest ratio),"$1,663.20 (FY2023-2024; taxes $1,075.44 + pen/int $512.76 + cost $75.00)",Certificate eligible June 2024 (redemption period per NRS 361),UNVERIFIED - certificate issued June 2024; auction eligibility after 2-year redemption period (~June 2026),UNVERIFIED,UNVERIFIED,UNVERIFIED,UNVERIFIED,UNVERIFIED,LLC/Corp - verify NV SOS,UNVERIFIED,UNVERIFIED,25,LOW PRIORITY,Entity Distress / Wholesale or Flip,1) Verify at Clark County Assessor; 2) Check NV SOS for LLC status; 3) Pull recorder docs,https://assessor.clarkcountynv.gov/assrapp/assessment/SitePages/showDetail.aspx?apn=177-34-701-006; https://treasurer.clarkcountynv.gov/treasurer-home/real-property-tax-inquiry?apn=177-34-701-006; https://www.clarkcountynv.gov/government/departments/treasurer/delinquent_taxes.php,PARTIAL - APN/Owner/Tax amounts from 2024 Annual Delinquency Publication; address/assessed value require Assessor lookup,+15 Estimated 3+ years delinquent (pen/int ratio); +10 LLC/Corp entity - verify NV SOS status | Source: 2024 Clark County Annual Delinquency Publication FY2023-2024
162-01-502-012,UNVERIFIED - check Clark County Assessor,XAVIER L L C,UNVERIFIED,UNVERIFIED,3+ years (estimated from penalty/interest ratio),"$1,391.23 (FY2023-2024; taxes $961.58 + pen/int $369.65 + cost $60.00)",Certificate eligible June 2024 (redemption period per NRS 361),UNVERIFIED - certificate issued June 2024; auction eligibility after 2-year redemption period (~June 2026),UNVERIFIED,UNVERIFIED,UNVERIFIED,UNVERIFIED,UNVERIFIED,LLC/Corp - verify NV SOS,UNVERIFIED,UNVERIFIED,25,LOW PRIORITY,Entity Distress / Wholesale or Flip,1) Verify at Clark County Assessor; 2) Check NV SOS for LLC status; 3) Pull recorder docs,https://assessor.clarkcountynv.gov/assrapp/assessment/SitePages/showDetail.aspx?apn=162-01-502-012; https://treasurer.clarkcountynv.gov/treasurer-home/real-property-tax-inquiry?apn=162-01-502-012; https://www.clarkcountynv.gov/government/departments/treasurer/delinquent_taxes.php,PARTIAL - APN/Owner/Tax amounts from 2024 Annual Delinquency Publication; address/assessed value require Assessor lookup,+15 Estimated 3+ years delinquent (pen/int ratio); +10 LLC/Corp entity - verify NV SOS status | Source: 2024 Clark County Annual Delinquency Publication FY2023-2024
179-05-813-002,UNVERIFIED - check Clark County Assessor,LAS VEGAS STRONG CORPORATION,UNVERIFIED,UNVERIFIED,3+ years (estimated from penalty/interest ratio),"$1,387.89 (FY2023-2024; taxes $1,040.52 + pen/int $326.37 + cost $21.00)",Certificate eligible June 2024 (redemption period per NRS 361),UNVERIFIED - certificate issued June 2024; auction eligibility after 2-year redemption period (~June 2026),UNVERIFIED,UNVERIFIED,UNVERIFIED,UNVERIFIED,UNVERIFIED,LLC/Corp - verify NV SOS,UNVERIFIED,UNVERIFIED,25,LOW PRIORITY,Entity Distress / Wholesale or Flip,1) Verify at Clark County Assessor; 2) Check NV SOS for LLC status; 3) Pull recorder docs,https://assessor.clarkcountynv.gov/assrapp/assessment/SitePages/showDetail.aspx?apn=179-05-813-002; https://treasurer.clarkcountynv.gov/treasurer-home/real-property-tax-inquiry?apn=179-05-813-002; https://www.clarkcountynv.gov/government/departments/treasurer/delinquent_taxes.php,PARTIAL - APN/Owner/Tax amounts from 2024 Annual Delinquency Publication; address/assessed value require Assessor lookup,+15 Estimated 3+ years delinquent (pen/int ratio); +10 LLC/Corp entity - verify NV SOS status | Source: 2024 Clark County Annual Delinquency Publication FY2023-2024
161-35-816-230,UNVERIFIED - check Clark County Assessor,IOTA ASPEN L L C,UNVERIFIED,UNVERIFIED,3+ years (estimated from penalty/interest ratio),"$1,342.28 (FY2023-2024; taxes $725.57 + pen/int $524.71 + cost $92.00)",Certificate eligible June 2024 (redemption period per NRS 361),UNVERIFIED - certificate issued June 2024; auction eligibility after 2-year redemption period (~June 2026),UNVERIFIED,UNVERIFIED,UNVERIFIED,UNVERIFIED,UNVERIFIED,LLC/Corp - verify NV SOS,UNVERIFIED,UNVERIFIED,25,LOW PRIORITY,Entity Distress / Wholesale or Flip,1) Verify at Clark County Assessor; 2) Check NV SOS for LLC status; 3) Pull recorder docs,https://assessor.clarkcountynv.gov/assrapp/assessment/SitePages/showDetail.aspx?apn=161-35-816-230; https://treasurer.clarkcountynv.gov/treasurer-home/real-property-tax-inquiry?apn=161-35-816-230; https://www.clarkcountynv.gov/government/departments/treasurer/delinquent_taxes.php,PARTIAL - APN/Owner/Tax amounts from 2024 Annual Delinquency Publication; address/assessed value require Assessor lookup,+15 Estimated 3+ years delinquent (pen/int ratio); +10 LLC/Corp entity - verify NV SOS status | Source: 2024 Clark County Annual Delinquency Publication FY2023-2024
163-21-515-397,UNVERIFIED - check Clark County Assessor,BRIDGE STATE L L C,UNVERIFIED,UNVERIFIED,3+ years (estimated from penalty/interest ratio),"$1,281.90 (FY2023-2024; taxes $804.18 + pen/int $402.72 + cost $75.00)",Certificate eligible June 2024 (redemption period per NRS 361),UNVERIFIED - certificate issued June 2024; auction eligibility after 2-year redemption period (~June 2026),UNVERIFIED,UNVERIFIED,UNVERIFIED,UNVERIFIED,UNVERIFIED,LLC/Corp - verify NV SOS,UNVERIFIED,UNVERIFIED,25,LOW PRIORITY,Entity Distress / Wholesale or Flip,1) Verify at Clark County Assessor; 2) Check NV SOS for LLC status; 3) Pull recorder docs,https://assessor.clarkcountynv.gov/assrapp/assessment/SitePages/showDetail.aspx?apn=163-21-515-397; https://treasurer.clarkcountynv.gov/treasurer-home/real-property-tax-inquiry?apn=163-21-515-397; https://www.clarkcountynv.gov/government/departments/treasurer/delinquent_taxes.php,PARTIAL - APN/Owner/Tax amounts from 2024 Annual Delinquency Publication; address/assessed value require Assessor lookup,+15 Estimated 3+ years delinquent (pen/int ratio); +10 LLC/Corp entity - verify NV SOS status | Source: 2024 Clark County Annual Delinquency Publication FY2023-2024
139-35-413-091,UNVERIFIED - check Clark County Assessor,STEPHEN SHEPARD L L C,UNVERIFIED,UNVERIFIED,3+ years (estimated from penalty/interest ratio),"$1,238.32 (FY2023-2024; taxes $946.89 + pen/int $247.43 + cost $44.00)",Certificate eligible June 2024 (redemption period per NRS 361),UNVERIFIED - certificate issued June 2024; auction eligibility after 2-year redemption period (~June 2026),UNVERIFIED,UNVERIFIED,UNVERIFIED,UNVERIFIED,UNVERIFIED,LLC/Corp - verify NV SOS,UNVERIFIED,UNVERIFIED,25,LOW PRIORITY,Entity Distress / Wholesale or Flip,1) Verify at Clark County Assessor; 2) Check NV SOS for LLC status; 3) Pull recorder docs,https://assessor.clarkcountynv.gov/assrapp/assessment/SitePages/showDetail.aspx?apn=139-35-413-091; https://treasurer.clarkcountynv.gov/treasurer-home/real-property-tax-inquiry?apn=139-35-413-091; https://www.clarkcountynv.gov/government/departments/treasurer/delinquent_taxes.php,PARTIAL - APN/Owner/Tax amounts from 2024 Annual Delinquency Publication; address/assessed value require Assessor lookup,+15 Estimated 3+ years delinquent (pen/int ratio); +10 LLC/Corp entity - verify NV SOS status | Source: 2024 Clark County Annual Delinquency Publication FY2023-2024
